"ID,""Alimento"",""Energia_kcal"",""Energia_kJ"",""Agua_g"",""Proteinas_g"",""Grasa_total_g"",""CHO_totales_g"",""CHO_disponibles_g"",""Fibra_g"",""Cenizas_g"",""Calcio_mg"",""Fosforo_mg"",""Zinc_mg"",""Hierro_mg"",""B_caroteno_equivalentes_ug"",""Vitamina_A_equivalentes_ug"",""Tiamina_mg"",""Riboflavina_mg"",""Niacina_mg"",""Vitamina_C_mg"",""Acido_Folico_ug"",""Sodio_mg"",""Potasio_mg"",""ID"""
"A_1,""Achita. kiwicha o achis"",351,1469,9.2,12.8,6.6,69.1,59.8,9.3,2.3,236,453,2.68,7.32,57,10,0.09,0.18,1.58,1.3,NA,NA,NA,""A_1"""
"A_2,""Arroz pilado o pulido cocido"",115,480,72.2,2.4,0.1,25.2,NA,NA,0.1,11,30,0.42,0.3,NA,0,0,0,0.24,0,NA,18,98,""A_2"""
"A_3,""Arroz blanco corriente"",358,1500,13.4,7.8,0.7,77.6,NA,NA,0.5,6,134,1.51,1.04,0,0,0.11,0.04,2.19,0.9,NA,19,148,""A_3"""
"A_4,""Arroz con cáscara"",332,1388,11.9,5.9,2,75.7,71.6,4.1,4.5,40,185,0.2,NA,NA,0,0.16,0.07,3.85,0,NA,19,148,""A_4"""
"A_5,""Avena envasada"",380,1592,6.1,13.7,4.7,71.3,NA,NA,4.2,51,713,3.97,3.5,NA,0,0.55,0.12,1.5,0,NA,2,211,""A_5"""
"A_6,""Avena. hojuela cocida"",54,224,87.1,1.3,0.5,10.9,NA,NA,0.2,21,42,NA,0.5,NA,NA,0,0.01,0.22,0,NA,NA,NA,""A_6"""
"A_7,""Avena. hojuela cruda"",333,1394,8.8,13.3,4,72.2,61.6,10.6,1.7,49,407,3.97,4.1,NA,0,0.15,0.09,1,0,NA,2,211,""A_7"""
"A_8,""Cañihua. variedad amarilla"",381,1595,10.7,15.7,7.5,62.5,NA,NA,3.5,87,335,NA,10.8,NA,NA,0.62,0.51,1.2,2.2,NA,NA,NA,""A_8"""
"A_9,""Cañihua gris"",356,1488,12.4,14,4.5,64,NA,NA,5.1,110,375,NA,13,NA,NA,0.47,0.65,1.13,1.1,NA,NA,NA,""A_9"""
"A_10,""Cañihua. hojuela de"",318,1331,11.4,14.5,8.9,61,45.5,15.5,4.2,141,320,4.55,17.07,NA,NA,0.67,0.3,1.45,0,NA,NA,NA,""A_10"""
"A_11,""Cañihua parda"",355,1487,12.2,13.8,3.5,66.2,NA,NA,4.3,171,496,NA,15,NA,NA,0.57,0.75,1.56,0,NA,NA,NA,""A_11"""
"A_12,""Cebada con cáscara"",284,1190,9.7,8.4,2,77.5,60.2,17.3,2.4,61,320,2.78,4.58,313,54,0.24,0.08,7.86,0,NA,NA,NA,""A_12"""
"A_13,""Cebada. llunka de (morón americano)"",249,1041,18.5,1.9,0.7,77.1,59.8,17.3,1.8,42,283,2.77,9.7,NA,1,0.25,0.18,2.25,2.1,NA,NA,NA,""A_13"""
"A_14,""Cebada. mashka o machica"",302,1265,10,8.6,0.7,77.4,67.3,10.1,3.3,74,320,2,12.3,NA,0,0.12,0.25,8.7,1.9,NA,NA,NA,""A_14"""
"A_15,""Cebada para mote. pelada"",328,1372,15.4,8.2,1.1,73.3,NA,NA,2,47,202,NA,3.6,NA,0,0.07,0.11,8.75,0,NA,NA,NA,""A_15"""
"A_16,""Cebada tostada. harina integral"",274,1147,5.6,8.7,3.2,80.2,54.8,25.4,2.5,NA,NA,NA,9.6,NA,NA,NA,NA,NA,NA,NA,NA,NA,""A_16"""
"A_17,""Cebada perlada o resbalada cocida"",59,248,81,1,0.1,17.7,13.9,3.8,0.2,9,35,0.82,0.9,NA,0,0,0.01,0.58,0,NA,NA,NA,""A_17"""
"A_18,""Cebada perlada o resbalada cruda"",277,1161,13.3,5.3,0.6,79.8,64.2,15.6,1,18,162,2.13,4,NA,1,0.03,0.04,3.5,2,NA,NA,NA,""A_18"""
"A_19,""Cebada tostada y molida (chaquepa)"",349,1460,9.9,7.7,0.8,79.7,NA,NA,1.9,55,253,NA,7.1,NA,0,0.12,0.18,9.6,0,NA,NA,NA,""A_19"""
"A_20,""Chancay (bizcocho)"",355,1485,19.4,8.8,6.9,64.4,NA,NA,0.5,47,108,NA,1,NA,0,0.11,0.23,1.06,0,NA,NA,NA,""A_20"""
"A_21,""Fideo crudo fortificado con hierro"",337,1412,12.1,9.4,0.2,77.7,74.5,3.2,0.6,24,150,1.26,5.5,NA,0,0.13,0.13,1.5,0,NA,NA,NA,""A_21"""
"A_22,""Fideo tallarín crudo fortificado con hierro"",305,1274,20.4,9.5,0.1,69.6,66.4,3.2,0.4,40,137,1.26,5.5,NA,0,0.12,0.08,1,0,NA,NA,NA,""A_22"""
"A_23,""Fideo tallarín sancochado fortiticado con hierro"",90,378,75.5,3.1,0,21.3,19.5,1.8,0.1,25,25,0.5,1.35,NA,0,0.02,0.04,0.17,0,NA,NA,NA,""A_23"""
"A_24,""Galleta de soda (salada)"",433,1810,4.8,10.1,14.7,68,65,3,2.4,38,134,0.83,1.5,NA,0,0.17,0.1,1.17,0,NA,NA,NA,""A_24"""
"A_25,""Galleta de vainilla (dulce)"",434,1814,4.8,6,12.7,74.9,73.8,1.1,1.6,22,665,0.64,0.6,NA,0,0.04,0.04,0.5,0,NA,NA,NA,""A_25"""
"A_26,""Maíz alazán"",346,1449,13.7,8.2,3.7,72.7,NA,NA,1.7,14,377,NA,0.7,NA,16,0.32,0.22,2.15,2.5,NA,NA,NA,""A_26"""
"A_27,""Maíz alazán. jora fresca de"",289,1210,28.1,5.4,2.8,62.3,NA,NA,1.4,23,275,NA,NA,NA,4,0.28,0.4,3.4,NA,NA,NA,NA,""A_27"""
"A_28,""Maíz alazán. jora seca de"",347,1450,13.8,7,3.6,73.8,NA,NA,1.8,38,346,NA,0.5,NA,6,0.38,0.29,3.6,NA,NA,NA,NA,""A_28"""
"A_29,""Maíz amarillo"",355,1486,13.5,6.7,4.8,73.6,NA,NA,1.4,6,267,1.51,1.92,352,61,0.29,0.06,2.17,0.7,NA,NA,NA,""A_29"""
"A_30,""Maíz blanco crudo"",343,1437,12.7,5.9,4,76.1,72.9,3.2,1.3,5,249,1.91,1.48,0,1,0.25,0.05,2.26,2.6,NA,NA,NA,""A_30"""
"A_31,""Maíz blanco tostado"",389,1628,4.6,7.2,4.6,82.1,NA,NA,1.5,6,270,NA,2.6,NA,NA,0.01,0.01,0.54,0,NA,NA,NA,""A_31"""
"A_32,""Maíz cancha tostada de"",342,1429,9.5,6.7,2.7,79.8,74.6,5.2,1.3,11,221,0.58,2.7,NA,2,0.15,0.34,2.73,9.8,NA,NA,NA,""A_32"""
"A_33,""Maíz. chochoca de"",349,1462,13,5.2,2.5,78,NA,NA,1.3,12,190,NA,1.5,NA,0,0.33,0.11,2.85,0.7,NA,NA,NA,""A_33"""
"A_34,""Maíz. grano fresco (choclo)"",104,437,67.3,3.3,0.8,27.8,25.1,2.7,0.8,8,113,0.45,0.8,NA,0,0.14,0.07,1.44,4.8,NA,NA,NA,""A_34"""
"A_35,""Maíz. germinado seco"",314,1313,22,6.2,3.2,67,NA,NA,1.6,22,285,NA,0.4,NA,4,0.28,0.36,3.02,NA,NA,NA,NA,""A_35"""
"A_36,""Maíz. harina de"",326,1366,11.9,8.7,6.5,71.2,61.6,9.6,1.7,64,454,1.73,2,NA,0,0.45,0.13,2.25,1.2,NA,NA,NA,""A_36"""
"A_37,""Maiz. maicena"",365,1529,8.3,0.3,0.1,91.3,90.4,0.9,0.1,2,13,0.06,NA,NA,1,0,0,0,0,NA,NA,NA,""A_37"""
"A_38,""Maíz. morado sin coronta"",355,1487,11.4,7.3,3.4,76.2,NA,NA,1.7,12,328,NA,0.2,NA,8,0.38,0.22,2.84,2.1,NA,NA,NA,""A_38"""
"A_39,""Maíz. mote de (sancochado)"",103,431,74.5,2.6,1.3,21.1,NA,NA,0.5,14,78,NA,1.2,NA,0,0.03,0.09,0.54,0,NA,NA,NA,""A_39"""
"A_40,""Maíz. pachuco de"",349,1459,13.4,7.3,3.9,73.5,NA,NA,1.9,89,348,NA,3.7,NA,5,0.41,0.31,2.87,3.9,NA,NA,NA,""A_40"""
"A_41,""Maíz. para mote pelado"",349,1461,12.6,5.9,2.1,78.3,NA,NA,1.1,47,187,NA,3.8,NA,0,0.16,0.08,2.64,1.9,NA,NA,NA,""A_41"""
"A_42,""Maíz. para mote sin pelar"",345,1445,12.8,5.7,1.5,78.7,NA,NA,1.3,9,166,NA,4.4,NA,0,0.26,0.14,2.63,2.1,NA,NA,NA,""A_42"""
"A_43,""Maíz. polenta cruda de"",324,1358,13.3,8.3,1.2,74,72.4,1.6,3.2,70,58,0.41,2,NA,0,0.09,0.06,4.45,0.9,NA,NA,NA,""A_43"""
"A_44,""Maíz. tocosh crudo"",192,803,52.7,2.6,2.2,41.3,NA,NA,1.2,11,44,NA,NA,NA,0,0.02,0.2,1.25,0.8,NA,NA,NA,""A_44"""
"A_45,""Pan de cebada (serrano)"",295,1236,24.4,7.2,0.2,66.2,NA,NA,2,60,224,NA,6.5,NA,0,0.3,0.23,6.35,NA,NA,NA,NA,""A_45"""
"A_46,""Pan de labranza"",328,1374,17.3,9.6,0.3,71.8,NA,NA,1,40,107,NA,1.6,NA,0,0.13,0.14,1.22,1,NA,NA,NA,""A_46"""
"A_47,""Pan de molde"",317,1326,20.8,6.8,2.5,69.2,66.8,2.4,0.7,13,60,0.74,0.4,NA,0,0.08,0.16,1.22,0,NA,NA,NA,""A_47"""
"A_48,""Pan bollo o bollitos de queso de Huancavelica"",310,1297,30.3,9.5,7.3,51.7,NA,NA,1.2,NA,NA,NA,5.29,NA,NA,1.05,0.34,4.19,NA,233,NA,NA,""A_48"""
"A_49,""Pan francés fortificado con hierro"",277,1161,27,8.4,0.2,62.9,60.5,2.4,1.5,35,101,0.74,3.14,NA,0,0.33,0.26,3.14,1,NA,NA,NA,""A_49"""
"A_50,""Quinua. afrecho de"",351,1467,14.1,10.7,4.5,65.9,NA,NA,4.8,573,342,NA,4,NA,0,0.21,0.22,1,NA,NA,NA,NA,""A_50"""
"A_51,""Quinua blanca. (Junín)"",334,1396,12.8,12.5,6.5,66,56,10,2.2,85,155,3.54,3.03,0,0,0.4,0.77,NA,0,NA,30,776,""A_51"""
"A_52,""Quinua blanca (<U+FFFD>uno)"",355,1484,11.1,13.3,6.1,67.1,61.2,5.9,2.4,120,165,2.5,4.31,330,0,0.4,0.24,1.8,0,NA,30,776,""A_52"""
"A_53,""Quinua cocida"",89,372,79,2.8,1.3,16.3,NA,NA,0.6,27,61,NA,1.6,NA,NA,0.01,0,0.26,0,NA,24,472,""A_53"""
"A_54,""Quinua"",351,1470,11.5,13.6,5.8,66.6,60.7,5.9,2.5,56,242,3.3,7.5,NA,0,0.48,0.03,1.4,0.5,NA,30,776,""A_54"""
"A_55,""Quinua dulce. blanca (<U+FFFD>unín)"",361,1510,11.1,11.1,7.7,67.4,61.5,5.9,2.7,93,355,3.3,4.3,NA,0,0.59,0.3,1.23,2.2,NA,30,776,""A_55"""
"A_56,""Quinua dulce. blanca (<U+FFFD>uno)"",349,1459,11.2,11.6,5.3,68.9,63,5.9,3,115,226,3.3,5.3,NA,0,0.73,0.21,1.09,1.1,NA,30,776,""A_56"""
"A_57,""Quinua dulce. rosada (<U+FFFD>unín)"",360,1506,11,12.3,7.2,67.1,61.2,5.9,2.4,80,344,3.3,4.3,NA,0,1,0.3,1.23,1.1,NA,30,776,""A_57"""
"A_58,""Quinua. harina de"",337,1408,11.7,12.4,6,67.2,57.9,9.3,2.8,104,330,5.19,9.65,NA,0,0.19,0.24,0.68,NA,NA,2,913,""A_58"""
"A_59,""Quinua. hojuelas de"",376,1572,13.4,13.9,7.4,63.1,NA,NA,2.6,114,60,3.72,5.46,NA,0,0.13,0.38,1.1,NA,NA,NA,NA,""A_59"""
"A_60,""Quinua rosada (<U+FFFD>uno)"",356,1490,10.2,12.5,6.4,67.6,61.7,5.9,3.3,124,205,3.3,5.2,NA,0,0.24,0.25,1.6,0,NA,30,776,""A_60"""
"A_61,""Quinua. sémola de"",362,1516,12.6,19.5,10.7,53.8,47.9,5.9,3.4,76,NA,3.3,3.6,NA,0,0.21,0.25,1.84,0,NA,NA,NA,""A_61"""
"A_62,""Sorgo"",309,1292,12.2,8,4,72.8,66.5,6.3,3,50,370,NA,4.3,NA,0,0.25,0.23,3.85,0.9,NA,NA,NA,""A_62"""
"A_63,""Trigo. harina fortificada con hierro de"",362,1517,10.8,10.5,2,76.3,73.6,2.7,0.4,36,108,0.7,5.5,NA,0,0.5,0.4,4.8,1.8,NA,NA,NA,""A_63"""
"A_64,""Trigo. llunka de"",312,1307,16.1,9.1,1,71.8,NA,NA,2,60,250,NA,1.6,NA,0,0.33,0.26,1.95,2,NA,NA,NA,""A_64"""
"A_65,""Trigo. harina tostada de (machica)"",330,1382,9,7.9,1.2,79.9,77.2,2.7,2,67,300,0.7,0.9,NA,0,0.1,0.48,2.11,2.7,NA,NA,NA,""A_65"""
"A_66,""Trigo. mote de (sancochado)"",154,644,59,2.5,0.6,37,NA,NA,0.9,38,118,NA,2.5,NA,0,0.01,0.07,1.57,0.4,NA,26,226,""A_66"""
"A_67,""Trigo para mote pelado cocido"",63,265,82.9,1.9,0.1,14.7,NA,NA,0.4,29,45,NA,0.4,NA,NA,0,0,0.73,0,NA,26,226,""A_67"""
"A_68,""Trigo para mote pelado crudo"",325,1359,12.5,9.8,0.9,74.6,NA,NA,2.2,80,274,NA,2.5,NA,NA,0.18,0.23,4,0.9,NA,NA,NA,""A_68"""
"A_69,""Trigo. pelado"",330,1379,12.6,8.4,1.4,76.1,NA,NA,1.5,51,293,NA,4.6,NA,0,0.22,0.15,3.85,NA,NA,30,515,""A_69"""
"A_70,""Trigo resbalado cocido"",83,347,77.9,2.8,0.3,18.6,NA,NA,0.4,5,66,NA,0.5,NA,NA,0.06,0.02,0.9,0.7,NA,26,226,""A_70"""
"A_71,""Trigo resbalado crudo"",327,1370,13.5,11.4,1.8,71.8,NA,NA,1.5,17,299,NA,4.8,NA,NA,0.3,0.17,5,4.5,NA,30,515,""A_71"""
"A_72,""Trigo. sémola de"",319,1334,12.1,7.8,1.1,78.4,74.5,3.9,0.6,40,125,1.05,0.8,NA,0,0.14,0.08,1.21,0,NA,NA,NA,""A_72"""
"A_73,""Trigo"",289,1210,11.6,10.3,1.9,74.7,62.5,12.2,1.5,36,314,2.98,3.87,169,28,0.42,0.17,3.89,4.8,NA,30,515,""A_73"""
"A_74,""Barra de cereales (avena y arrocillo) con maní y pasas"",391,1637,8.8,5.8,9.4,74.9,70.9,4,1.2,NA,NA,NA,10.01,NA,NA,NA,NA,NA,NA,NA,223,188,""A_74"""
"A_75,""Barra de cereales con sabor a chocolate y chocochips"",386,1615,6.7,4.9,8.5,78.6,72.4,6.2,1.3,NA,NA,NA,12.12,NA,NA,NA,NA,NA,NA,NA,224,120,""A_75"""
"A_76,""Barra de cereales (avena. arroz) con aguaymanto"",371,1551,8.5,5.3,7.3,77.6,71,6.6,1.3,NA,NA,NA,11.2,NA,NA,NA,NA,NA,NA,NA,209,295,""A_76"""
"A_77,""Barra de cereales (maíz. trigo. arroz) sabor a miel con leche. vitaminas y minerales"",397,1660,6.4,4.4,8.5,79,75.5,3.4,1.6,NA,NA,NA,10.82,NA,NA,NA,NA,NA,NA,NA,110,69,""A_77"""
"A_78,""Bollito de maíz de Huánuco"",426,1781,13.1,9.6,17.5,57.5,NA,NA,2.4,NA,NA,NA,2.95,NA,NA,0.39,0.33,2.48,NA,195,NA,NA,""A_78"""
"A_79,""Bollito de yema de Huánuco"",384,1606,18,9.9,12.6,57.5,NA,NA,1.9,NA,NA,NA,4.23,NA,NA,0.72,0.27,3.3,NA,165,NA,NA,""A_79"""
"A_80,""Cañihua. harina de"",327,1367,10.2,15.2,8.3,63,48.2,14.9,3.3,182,350,5.68,15.2,NA,NA,NA,NA,NA,NA,NA,11,1500,""A_80"""
"A_81,""Cañihua. variedad roja"",381,1594,10.7,15.4,7.5,62.7,NA,NA,3.7,NA,NA,NA,NA,NA,NA,NA,NA,NA,NA,NA,NA,NA,""A_81"""
"A_82,""Cañihua. variedad blanca"",382,1597,10.7,15.4,7.7,62.5,NA,NA,3.7,NA,NA,NA,NA,NA,NA,NA,NA,NA,NA,NA,NA,NA,""A_82"""
"A_83,""Galleta de soda (San Jorge)"",440,1843,3.9,9.3,13.3,70.8,NA,NA,2.7,68,NA,0.83,7.7,NA,0,NA,NA,NA,0,NA,NA,NA,""A_83"""
"A_84,""Galleta de vainilla (Field)"",462,1933,2.7,7.3,15.6,73.1,NA,NA,1.3,NA,NA,NA,4.4,NA,NA,NA,NA,NA,NA,NA,NA,NA,""A_84"""
"A_85,""Galleta dulce con avena y base sabor a chocolate (con fibra)"",461,1929,2.9,6.7,19.8,69,64.1,4.9,1.6,NA,NA,NA,2.8,NA,NA,NA,NA,NA,NA,NA,253,255,""A_85"""
"A_86,""Galleta dulce con avena y base sabor a frutos rojos"",465,1946,2.7,6.7,20.8,68,62.8,5.1,1.9,NA,NA,NA,2.81,NA,NA,NA,NA,NA,NA,NA,330,188,""A_86"""
"A_87,""Galleta dulce con avena y granola (con fibra)"",444,1859,3.2,8,16.9,70.2,65.2,5,1.7,NA,NA,NA,2.56,NA,NA,NA,NA,NA,NA,NA,301,207,""A_87"""
"A_88,""Galleta dulce con avena. manzana y canela (con fibra)"",426,1784,3.4,7.2,14.3,73.6,67.4,6.2,1.7,NA,NA,NA,2.01,NA,NA,NA,NA,NA,NA,NA,302,196,""A_88"""
"A_89,""Galleta dulce con avena y uvas pasas (con fibra)"",433,1812,3.3,7.2,14.9,73,67.6,5.4,1.7,NA,NA,NA,3.44,NA,NA,NA,NA,NA,NA,NA,323,200,""A_89"""
"A_90,""Galleta dulce con relleno (Casino)"",499,2087,1.9,4.7,22,70.5,NA,NA,0.9,27,NA,0.4,5.2,NA,0,NA,NA,NA,0,NA,NA,NA,""A_90"""
"A_91,""Galleta dulce con relleno “chocolate” (Coronita)"",492,2058,2.5,5.7,21.1,69.8,NA,NA,0.9,21,NA,0.98,3.7,NA,0,NA,NA,NA,0,NA,NA,NA,""A_91"""
"A_92,""Galletas nutritivas de maca"",443,1854,3,7,16.1,72.2,67.6,4.6,1.7,NA,NA,NA,3.39,NA,NA,NA,NA,NA,NA,NA,388,188,""A_92"""
"A_93,""Hiwicto marfil oscuro"",368,1481,10.6,9,2,76.8,NA,NA,1.6,44,318,NA,3,NA,NA,0.42,0.1,NA,0.6,NA,NA,NA,""A_93"""
"A_94,""Hiwicto negro"",365,1469,12,9,2.7,74.6,NA,NA,1.7,38,318,NA,3.5,NA,NA,0.35,0.19,NA,0,NA,NA,NA,""A_94"""
"A_95,""Kara ceniza o kala"",367,1481,10.3,11.6,2.3,73.6,NA,NA,2.2,104,284,NA,5.8,NA,NA,0,0,NA,0,NA,NA,NA,""A_95"""
"A_96,""Kara color pajizo"",366,1469,11.1,7.2,2.5,76.9,NA,NA,2.3,60,303,NA,8,NA,NA,0.38,0.1,NA,1.1,NA,NA,NA,""A_96"""
"A_97,""Kiwicha. harina de"",352,1474,10.9,12.2,7.9,66.4,58,8.4,2.6,214,360,3.76,5.3,NA,NA,NA,NA,NA,NA,NA,2,663,""A_97"""
"A_98,""Kiwicha pop de Huánuco"",370,1548,8.6,13.1,8.9,66.5,59.5,7.1,2.9,NA,NA,NA,0.4,NA,NA,NA,NA,NA,NA,NA,NA,NA,""A_98"""
"A_99,""Kiwicha. precocida. hojuela de"",400,1675,8.4,13.4,8.1,68,NA,NA,2,NA,NA,2.77,7.21,NA,NA,NA,NA,NA,NA,NA,NA,NA,""A_99"""
"A_100,""Kiwicha. precocida. hojuela de (orgánica)"",352,1473,10.8,11.9,7.6,67.7,58.9,8.7,2.1,NA,NA,2.8,5.02,NA,0,0,0.09,0.97,3.2,NA,NA,NA,""A_100"""
"A_101,""Llipta sara. variedad de maíz"",370,1550,11.3,7.4,4.2,75.9,NA,NA,1.4,5,244,NA,1.4,NA,NA,0.31,0.12,NA,0.85,NA,NA,NA,""A_101"""
"A_102,""Maíz blanco. harina"",343,1435,11.6,5.5,5,76.6,71,5.6,1.3,19,272,1.73,2.35,NA,11,0.25,0.08,1.9,0,0,2,6,""A_102"""
"A_103,""Maíz blanco precocido. harina de (chochoca)"",328,1371,12.1,6.8,5.2,74.8,65.9,8.9,1.2,NA,NA,1.76,2.08,NA,NA,NA,NA,NA,NA,NA,NA,NA,""A_103"""
"A_104,""Maíz morado. harina de (api)"",318,1331,11.4,8.5,4.2,74.3,64.5,9.8,1.7,29,300,2.6,6.47,NA,NA,NA,NA,NA,NA,NA,16,63,""A_104"""
"A_105,""Pan árabe"",290,1213,27.8,10.3,3.5,56.7,54.3,2.4,1.7,NA,NA,NA,6.98,NA,NA,NA,0.32,6.47,NA,106,NA,NA,""A_105"""
"A_106,""Pan cachanga"",445,1862,17.4,7.7,26.1,47.4,NA,NA,1.4,NA,NA,NA,3.99,NA,NA,NA,0.27,NA,NA,NA,NA,NA,""A_106"""
"A_107,""Pan campesino de Lima"",276,1153,36.1,10,5.7,46,NA,NA,2.2,NA,NA,NA,3.53,NA,NA,0.48,0.21,2.46,NA,142,NA,NA,""A_107"""
"A_108,""Pan ciabatta"",265,1108,32.1,9.2,2,55,52.6,2.5,1.7,NA,NA,NA,5.59,NA,NA,NA,0.71,4.94,NA,122,NA,NA,""A_108"""
"A_109,""Pan chapla"",321,1343,22.2,9.3,3.5,63.2,NA,NA,1.9,NA,NA,NA,4.67,NA,NA,NA,0.37,NA,NA,NA,NA,NA,""A_109"""
"A_110,""Pan chuta"",387,1620,16.3,9.5,11.1,62.3,NA,NA,0.8,NA,NA,NA,4.71,NA,NA,NA,0.39,NA,NA,NA,NA,NA,""A_110"""
"A_111,""Pan cortadillo de Cajamarca"",361,1509,17.8,6.9,7.1,67.2,NA,NA,1,NA,NA,NA,4.37,NA,NA,0.63,0.29,5.49,NA,65,NA,NA,""A_111"""
"A_112,""Pan cuay de trigo de Carhuaz"",358,1500,23.8,10,11.6,53.4,NA,NA,1.2,NA,NA,NA,5.62,NA,NA,NA,NA,NA,NA,NA,NA,NA,""A_112"""
"A_113,""Pan cuay de trigo de Huaraz"",297,1241,31.6,7.6,10.1,48.9,43.8,5.1,1.8,NA,NA,NA,4.45,NA,NA,0.33,0.34,3.01,NA,NA,NA,NA,""A_113"""
"A_114,""Pan de calabaza de Huancavelica"",274,1148,35.3,11.5,3.9,48.4,NA,NA,0.9,NA,NA,NA,4.79,NA,NA,0.61,0.25,3.35,NA,322,NA,NA,""A_114"""
"A_115,""Pan de chicharrón de Chiclayo"",338,1414,25.5,9.9,9,54.3,NA,NA,1.2,NA,NA,NA,7.61,NA,NA,0.84,0.2,4.63,NA,288,NA,NA,""A_115"""
"A_116,""Pan de girasol de Lima"",267,1115,40.9,10.7,7.7,38.7,NA,NA,2.1,NA,NA,NA,3.02,NA,NA,0.45,0.18,2.14,NA,139,NA,NA,""A_116"""
"A_117,""Pan de hamburguesa de Iquitos"",316,1323,24.4,10.8,4.7,57.7,NA,NA,2.4,NA,NA,NA,6.15,NA,NA,0.88,0.46,4.71,NA,191,NA,NA,""A_117"""
"A_118,""Pan de huevo"",336,1408,23.2,9.3,6.9,59.4,NA,NA,1.3,NA,NA,NA,5.79,NA,NA,NA,0.35,NA,NA,NA,NA,NA,""A_118"""
"A_119,""Pan de maíz"",319,1336,25.4,7.7,8.7,56.7,52.6,4.1,1.6,NA,NA,NA,3.49,NA,NA,NA,0.24,3.81,NA,103,NA,NA,""A_119"""
"A_120,""Pan de maíz de Carhuaz"",323,1352,27.9,9.2,8,53.5,NA,NA,1.4,NA,NA,NA,5.15,NA,NA,NA,NA,NA,NA,NA,NA,NA,""A_120"""
"A_121,""Pan de maíz de Huaraz"",359,1501,22,8,15.2,53,47.5,5.5,1.9,NA,NA,NA,3.5,NA,NA,0.25,0.29,2.96,NA,NA,NA,NA,""A_121"""
"A_122,""Pan de quinua de Lima"",241,1009,39.8,9.5,1.7,47,NA,NA,2.1,NA,NA,NA,3.31,NA,NA,0.48,0.21,2.54,NA,115,NA,NA,""A_122"""
"A_123,""Pan de trigo artesanal de Carhuaz"",286,1197,32.5,8.8,4.6,52.4,NA,NA,1.7,NA,NA,NA,5.11,NA,NA,NA,NA,NA,NA,NA,NA,NA,""A_123"""
"A_124,""Pan de yema"",321,1342,25.6,9.4,8.1,55.4,52.5,2.9,1.5,NA,NA,NA,4.47,NA,NA,NA,0.29,4.01,NA,70,NA,NA,""A_124"""
"A_125,""Pan de yema de Cajamarca"",365,1526,23.7,9.2,12.9,52.9,NA,NA,1.3,NA,NA,NA,6.74,NA,NA,1.37,0.5,4.82,NA,30,NA,NA,""A_125"""
"A_126,""Pan dulce de Lima"",290,1215,32.6,11.9,5,49.5,NA,NA,1.1,NA,NA,NA,3.3,NA,NA,0.56,0.42,2.82,NA,133,NA,NA,""A_126"""
"A_127,""Pan huaro"",338,1413,21.1,9.9,5.5,62.2,NA,NA,1.3,NA,NA,NA,5.4,NA,NA,NA,0.39,NA,NA,NA,NA,NA,""A_127"""
"A_128,""Pan Huascarán de Lima"",265,1111,37.3,9.4,4.8,46.3,NA,NA,2.3,NA,NA,NA,4.79,NA,NA,0.6,0.17,1.67,NA,111,NA,NA,""A_128"""
"A_129,""Pan integral"",339,1419,24.3,9.1,9,55.5,NA,NA,2.2,NA,NA,NA,5.16,NA,NA,NA,0.4,NA,NA,NA,NA,NA,""A_129"""
"A_130,""Pan marraqueta de Chiclayo"",321,1342,21,6.4,2.2,68.9,NA,NA,1.5,NA,NA,NA,6,NA,NA,0.92,0.24,5.26,NA,219,NA,NA,""A_130"""
"A_131,""Pan mestizo de Huánuco"",399,1668,18.1,9.6,15.7,54.8,NA,NA,1.9,NA,NA,NA,4.24,NA,NA,0.23,0.28,3.83,NA,183,NA,NA,""A_131"""
"A_132,""Pan mishtishongo de Huánuco"",410,1715,20.7,9.1,20,48.5,NA,NA,1.8,NA,NA,NA,2.91,NA,NA,1.06,0.29,3.05,NA,191,NA,NA,""A_132"""
"A_133,""Pan mollete de Chiclayo"",284,1189,32.5,10.2,3.8,52.3,NA,NA,1.3,NA,NA,NA,5.62,NA,NA,0.88,0.22,3.7,NA,244,NA,NA,""A_133"""
"A_134,""Pan mollete. chico"",364,1523,25.5,9.6,16.3,47,44.7,2.3,1.6,NA,NA,NA,4.81,NA,NA,0.41,0.34,4.09,NA,NA,NA,NA,""A_134"""
"A_135,""Pan torta de Cajamarca"",355,1487,19.4,9.4,8,61.5,NA,NA,1.7,NA,NA,NA,6.31,NA,NA,1.44,0.45,6.26,NA,159,NA,NA,""A_135"""
"A_136,""Pan 3 granos (quinua. cañihua y kiwicha) de Lima"",219,914,46.5,8.6,2.5,40.5,NA,NA,2,NA,NA,NA,3.72,NA,NA,0.47,0.2,3.56,NA,197,NA,NA,""A_136"""
"A_137,""Pan vico"",343,1437,24.3,9.3,9.1,56.1,NA,NA,1.3,NA,NA,NA,5.16,NA,NA,NA,0.42,NA,NA,NA,NA,NA,""A_137"""
"A_138,""Pan vico de Iquitos"",333,1394,19.3,11.6,4.1,62.4,NA,NA,2.5,NA,NA,NA,5.88,NA,NA,0.7,0.46,4.92,NA,230,NA,NA,""A_138"""
"A_139,""Pasta con huevo sin fortificar. cruda*"",375,1567,9,14.2,4.4,71.3,68,3.3,1.1,35,241,1.92,1.9,NA,17,0.17,0.09,2.1,0,0,21,244,""A_139"""
"A_140,""Pasta con huevo fortificada. cruda*"",375,1567,9,14.2,4.4,71.3,68,3.3,1.1,35,241,1.92,4.01,NA,17,1.13,0.43,8.39,0,201,21,244,""A_140"""
"A_141,""Pasta fortificada. cruda*"",360,1506,9.9,13,1.5,74.7,71.5,3.2,0.9,18,150,1.26,3.52,NA,0,0.89,0.4,7.18,0,219,5,162,""A_141"""
"A_142,""Pasta sin fortificar. cruda*"",360,1506,9.9,13,1.5,74.7,71.5,3.2,0.9,18,150,1.26,1.3,NA,0,0.09,0.06,1.7,0,0,5,162,""A_142"""
"A_143,""Quinua. variedad real"",331,1385,12.9,14.2,5.1,65.9,56.7,9.1,2,NA,NA,2.68,4,NA,NA,0.28,0.3,NA,NA,NA,30,776,""A_143"""
"A_144,""Quinua. variedad Ayara (<U+FFFD>uno)"",276,1156,12.3,14,6.3,62.6,41.1,21.5,4.8,NA,NA,NA,6.25,NA,NA,NA,NA,NA,NA,NA,30,776,""A_144"""
"A_145,""Quinua. variedad blanca de Juli (<U+FFFD>uno)"",347,1453,10.2,11.6,4.8,70.6,63.7,6.9,2.8,NA,NA,NA,4.32,NA,NA,NA,NA,NA,NA,NA,30,776,""A_145"""
"A_146,""Quinua. variedad CICA-18 (Puno)"",345,1445,9.8,14.4,5.7,66.4,58.7,7.6,3.8,NA,NA,NA,4.37,NA,NA,NA,NA,NA,NA,NA,30,776,""A_146"""
"A_147,""Quinua. variedad CICA-127 (Puno)"",360,1506,8.9,15.8,5.2,67.1,62,5.1,3,NA,NA,NA,5.81,NA,NA,NA,NA,NA,NA,NA,30,776,""A_147"""
"A_148,""Quinua. variedad Cuchiwilla (Puno)"",317,1327,11.4,15.2,5.2,64.3,52.1,12.2,3.9,NA,NA,NA,4.15,NA,NA,NA,NA,NA,NA,NA,30,776,""A_148"""
"A_149,""Quinua. variedad Choclito (Puno)"",342,1430,11.7,13.4,5.2,67.1,59.9,7.2,2.7,NA,NA,NA,4.49,NA,NA,NA,NA,NA,NA,NA,30,776,""A_149"""
"A_150,""Quinua. variedad Chullpi- roja (Puno)"",330,1379,11.3,13.7,5.5,66.9,55.9,10.9,2.7,NA,NA,NA,5.87,NA,NA,NA,NA,NA,NA,NA,30,776,""A_150"""
"A_151,""Quinua. variedad Misa Jiura (Puno)"",349,1460,10.5,12.3,5.4,68.6,62.2,6.4,3.2,NA,NA,NA,4,NA,NA,NA,NA,NA,NA,NA,30,776,""A_151"""
"A_152,""Quinua. variedad Pasankalla-roja (Puno)"",355,1486,10.1,12.7,6.2,68.5,61.6,6.9,2.5,NA,NA,NA,4.85,NA,NA,NA,NA,NA,NA,NA,30,776,""A_152"""
"A_153,""Quinua. variedad Q’ OITU-negra (Puno)"",308,1288,11.5,11.6,4.9,68.2,53.9,14.3,3.8,NA,NA,NA,11.53,NA,NA,NA,NA,NA,NA,NA,30,776,""A_153"""
"A_154,""Quinua. variedad Wariponcho (Puno)"",347,1451,11.5,12.6,5.5,67.9,61.2,6.7,2.6,NA,NA,NA,3.77,NA,NA,NA,NA,NA,NA,NA,30,776,""A_154"""
"A_155,""Quinua. variedad Witulla (Puno)"",350,1464,9.9,13.7,5.9,67.8,60.2,7.7,2.8,NA,NA,NA,4.99,NA,NA,NA,NA,NA,NA,NA,30,776,""A_155"""
"A_156,""Rosquita de almidón de Iquitos"",469,1962,3.3,1.8,18.3,74.2,NA,NA,2.3,NA,NA,NA,2.3,NA,NA,0.03,0.09,0.89,NA,26,NA,NA,""A_156"""
"A_157,""Siete harinas (trigo. habas. arvejas. kiwicha. cañihua. cebada. quinua)"",347,1453,1.5,8.8,3.2,84.8,70.8,14.1,1.6,NA,NA,3.15,3.89,NA,NA,NA,NA,NA,NA,NA,NA,NA,""A_157"""
"A_158,""Trigo. hojuela de (chaque)"",322,1346,16,10,2.5,70.2,NA,NA,1.4,NA,NA,2.23,2.1,NA,NA,NA,NA,NA,NA,NA,NA,NA,""A_158"""
"A_159,""Trigo sin tostar (chaquepa)"",338,1416,11.9,7,2.2,77.9,NA,NA,0.9,NA,NA,1.71,2.43,NA,NA,NA,NA,NA,NA,NA,NA,NA,""A_159"""
"A_160,""Trigo tostado (chaquepa)"",369,1545,3.9,7.6,2.5,84.9,NA,NA,1.1,NA,NA,1.44,1.73,NA,NA,NA,NA,NA,NA,NA,NA,NA,""A_160"""
"B_1,""Acelga. hojas de (sin tallo)"",8,35,93.3,2.1,0.1,3.2,0.8,2.4,1.4,90,46,0.36,14.4,980,163,0,0.26,0.56,9.29,NA,203,293,""B_1"""
"B_2,""Acelga. tallos de"",9,36,94.8,0.7,0.3,2.8,1.2,1.6,1.4,23,10,0.36,0.5,NA,306,0,0.03,0,4,NA,203,293,""B_2"""
"B_3,""Ají amarillo fresco"",39,163,88.9,0.9,0.7,8.8,NA,NA,0.7,31,21,NA,0.9,NA,445,0.06,0.58,1.25,60,NA,NA,NA,""B_3"""
"B_4,""Ají amarillo molido fresco sin sal"",52,218,60.2,1.9,1.7,9.2,NA,NA,27,97,47,NA,3.5,NA,560,0.18,0.21,1.3,16.2,NA,NA,NA,""B_4"""
"B_5,""Ají amarillo seco"",199,834,16.6,7.3,6.3,64.8,36.1,28.7,5,124,166,1.02,8.2,NA,1324,0.12,1.48,4.15,6,NA,NA,NA,""B_5"""
"B_6,""Ají panca"",189,790,20.2,7,7.8,58.5,29.8,28.7,6.5,142,209,1.02,4.9,NA,1324,0.13,1.79,3.55,23,NA,NA,NA,""B_6"""
"B_7,""Ají colorado no picante (molido con sal)"",43,180,69.8,1.9,1.3,9.2,7.7,1.5,17.8,175,35,0.26,5.6,NA,48,0.12,0.49,0.7,12,NA,NA,NA,""B_7"""
"B_8,""Ají colorado molido"",37,154,72.6,2.1,1,8,6.5,1.5,16.3,130,54,0.26,5,NA,48,0.09,0.44,0.8,19.2,NA,NA,NA,""B_8"""
"B_9,""Ají de mesa"",40,167,89.1,1.8,1.2,7.2,NA,NA,0.7,77,23,NA,1.3,NA,228,0.17,0.6,0.95,104.4,NA,NA,NA,""B_9"""
"B_10,""Ají de vaina"",58,243,83.2,2.6,1.1,11.9,NA,NA,1.2,94,56,NA,1.7,NA,771,0.22,0.47,2.65,12,NA,NA,NA,""B_10"""
"B_11,""Ají dulce"",17,71,91,0.9,0.5,7.1,3.1,4,0.6,10,43,0.25,0.38,NA,22,0.04,0.17,0.89,98.05,NA,NA,NA,""B_11"""
"B_12,""Ají verde"",57,238,82.9,2.5,0.8,12.4,NA,NA,1.4,21,58,NA,1.3,NA,382,NA,0.11,1.47,48.5,NA,NA,NA,""B_12"""
"B_13,""Ajo sin cáscara"",121,508,61.4,5.6,0.8,30.4,28.3,2.1,1.8,94,180,1.16,1.7,NA,0,0.14,0.07,0.42,9.1,NA,69,250,""B_13"""
"B_14,""Albahaca sin tallo"",29,122,86.7,2.9,1.2,7.3,3.4,3.9,1.9,325,38,0.85,5.3,NA,264,0.04,0.13,0.95,20,NA,NA,NA,""B_14"""
"B_15,""Alcachofa"",24,101,77.8,2.2,0.2,18.9,4.9,14,1,42,51,0.49,1,42,7,0.07,0.04,0.85,1.42,NA,NA,NA,""B_15"""
"B_16,""Alfalfa brotes tiernos"",20,84,91.1,4,0.7,3.8,1.3,2.5,0.4,32,70,0.92,5.4,NA,1133,0.08,0.13,0.48,8.2,NA,NA,NA,""B_16"""
"B_17,""Apio. tallo sin hojas"",8,35,94,1,0.2,3.8,1.1,2.8,0.9,91,30,0.21,1.2,NA,22,0.03,0.08,0.23,7.99,NA,76,169,""B_17"""
"B_18,""Berenjena"",12,49,92.4,1,0.1,5.9,2.3,3.6,0.6,20,30,0.16,4.03,3,1,0,0.3,1.31,8.82,NA,6,NA,""B_18"""
"B_19,""Berenjena Costeña o tomate de árbol"",41,172,87.5,1.3,0.3,9.8,NA,NA,1.1,18,28,NA,0.2,NA,300,0.1,0.04,1.2,2.3,NA,NA,NA,""B_19"""
"B_20,""Berro"",31,130,89.3,3.4,0.8,5,4.5,0.5,1.5,234,66,0.11,6.5,NA,235,0.08,0.36,1.06,105.6,NA,NA,NA,""B_20"""
"B_21,""Brocoli"",32,135,89.9,3.9,1.3,4,3.3,0.7,0.9,93,86,0.41,0.84,393,66,0.12,0.1,0.83,114,NA,23,NA,""B_21"""
"B_22,""Caigua"",15,63,95,0.5,0.2,3.3,NA,NA,1,34,43,NA,0.9,NA,9,0.02,0.02,0.17,11.4,NA,NA,NA,""B_22"""
"B_23,""Caigua serrana"",19,80,93.5,1.5,0.1,4.1,NA,NA,0.8,32,32,NA,0.5,NA,33,0.05,0.07,0.3,6.9,NA,NA,NA,""B_23"""
"B_24,""Calabaza china"",13,54,93.1,0.7,0.1,5.8,2.9,2.9,0.3,29,15,0.61,0.1,NA,0,0.02,0.02,0.29,13,NA,NA,NA,""B_24"""
"B_25,""Calabaza italiana"",15,63,93.9,0.5,0.3,4.9,3.2,1.7,0.4,11,19,0.74,0.6,NA,3,0.03,0.04,0.28,10,NA,NA,NA,""B_25"""
"B_26,""Cebolla blanca"",24,102,91.2,0.9,0.1,7.4,6,1.4,0.4,100,33,0.16,0.2,NA,3,0.03,0.05,0.14,7.5,NA,6,168,""B_26"""
"B_27,""Cebolla chilena"",19,79,92.9,0.8,0.1,5.9,4.5,1.4,0.3,20,17,0.16,1,NA,0,0.02,0.04,0.12,3.7,NA,NA,NA,""B_27"""
"B_28,""Cebollita china"",36,150,88.7,2.3,0.4,7.5,NA,NA,1.1,141,61,0.52,1.1,NA,58,0.02,0.01,0.4,10.5,NA,NA,NA,""B_28"""
"B_29,""Cebolla de cabeza"",40,169,86.3,1.4,0.2,11.3,9.9,1.4,0.8,20,35,0.16,1.2,NA,0,0.03,0.06,0.22,4.9,NA,NA,NA,""B_29"""
"B_30,""Cebolla de cola"",26,108,90.6,0.9,0.1,7.8,6.4,1.4,0.6,44,32,0.16,4.9,NA,29,0.04,0.09,0.2,7.2,NA,6,168,""B_30"""
"B_31,""Col blanca"",19,81,93.3,1,1.1,4.2,2.3,1.9,0.5,46,46,0.18,0.44,21,4,0.06,0.03,0.18,31.4,NA,6,250,""B_31"""
"B_32,""Col crespa o repollo. sin cogollo"",15,65,92.4,1.5,0.3,4.9,2.6,2.3,0.9,70,69,0.18,0.4,NA,9,0.03,0.03,0.33,48.5,NA,58,250,""B_32"""
"B_33,""Col china sin tallo"",22,93,91,1.8,0.3,5.3,4.3,1,1.6,70,16,0.19,1.5,NA,0,0.01,0.16,0.66,21.6,NA,58,250,""B_33"""
"B_34,""Col de “Bruselas”"",45,188,81.3,4.6,0.4,12.3,8.5,3.8,1.4,109,11,0.42,1.8,NA,41,0.18,0.17,1.1,82.5,NA,58,250,""B_34"""
"B_35,""Col. hojas de"",32,132,88.1,2.7,0.6,7.6,5.6,2,1,170,42,0.44,0.1,NA,769,0.09,0.06,1.43,96.3,NA,58,250,""B_35"""
"B_36,""Col negra"",14,60,91.7,1.7,0.4,5.5,1.9,3.6,0.7,24,10,0.13,0.2,NA,333,0.04,0.06,0.31,49.3,NA,58,250,""B_36"""
"B_37,""Col silvestre"",54,226,82.9,2.5,0.6,12.1,NA,NA,1.9,477,47,NA,1.1,NA,248,0.05,0.06,NA,136,NA,58,250,""B_37"""
"B_38,""Coliflor sin tallo y sin hojas"",17,72,91.6,2.2,0.6,4.4,1.9,2.5,1.2,26,66,0.28,0.6,NA,4,0.05,0.07,0.49,75.3,NA,NA,NA,""B_38"""
"B_39,""Culantro sin tallo"",34,142,85.6,3.3,1.3,7,4.2,2.8,2.8,259,63,0.5,5.3,NA,1431,0.08,0.27,1.86,37.2,NA,NA,NA,""B_39"""
"B_40,""Chiclayo. calabaza"",16,68,93.2,0.6,0.1,5.6,3.9,1.7,0.5,13,25,0.74,0.2,NA,3,0.08,0.05,0.19,3.7,NA,NA,NA,""B_40"""
"B_41,""Chonta"",49,205,84.9,3.4,0.7,9.7,NA,NA,1.3,138,109,NA,1.7,NA,NA,0.02,0.12,0.72,3.2,NA,NA,NA,""B_41"""
"B_42,""Escarola"",7,30,93.6,1.2,0.2,3.8,0.7,3.1,1.2,85,76,0.79,2,NA,108,0.07,0.07,0.47,8.6,NA,NA,NA,""B_42"""
"B_43,""Esparragos"",15,62,93,2.2,0.3,3.8,2.1,1.7,0.8,35,35,0.54,1.33,230,38,0.09,0.05,0.82,2.32,NA,NA,NA,""B_43"""
"B_44,""Espinaca blanca"",24,102,89.5,1.9,0.6,6.3,4.1,2.2,1.7,80,40,0.53,4.6,NA,469,0.08,0.25,0.65,16.4,NA,NA,NA,""B_44"""
"B_45,""Espinaca negra sin tronco"",24,100,90,2.8,0.9,4.9,2.7,2.2,1.4,234,45,0.53,4.3,NA,469,0.07,0.2,0.69,15.2,NA,NA,NA,""B_45"""
"B_46,""Frejolito chino germinado"",9,38,96.5,1.4,0.1,1.8,1.5,0.3,0.3,22,261,NA,0.86,4,1,0.03,0.07,0.97,5.42,NA,15,NA,""B_46"""
"B_47,""Hierbabuena"",41,171,86.7,3.1,1,7,NA,0,2.2,206,70,1.11,9.1,NA,212,0.06,0.13,1,2,NA,NA,NA,""B_47"""
"B_48,""Huacatay sin tallo"",50,211,83.4,5,0.8,8.8,NA,NA,2,412,79,NA,8.7,NA,426,0.06,0.27,1.47,17.1,NA,NA,NA,""B_48"""
"B_49,""Janchoy. hojas de"",27,113,90.8,1.6,0.2,6,NA,NA,1.4,113,55,NA,2.9,NA,276,0.05,0.13,0.47,22.2,NA,NA,NA,""B_49"""
"B_50,""Jetka. hojas de"",66,276,78.1,7.3,1.7,9.5,NA,NA,3.4,548,133,NA,8.4,NA,350,0.3,0.16,2.72,0.7,NA,NA,NA,""B_50"""
"B_51,""Kailán. hojas de"",48,201,84.9,3.2,0.9,9.1,NA,NA,1.9,581,46,NA,2.4,NA,102,0.03,0.26,0.54,103.8,NA,NA,NA,""B_51"""
"B_52,""Kailán. tallos de"",24,100,92,1.2,0.3,5.2,NA,NA,1.3,301,64,NA,3.1,NA,26,0.01,0.09,0.94,57.6,NA,NA,NA,""B_52"""
"B_53,""Lechuga americana"",7,28,96.6,0.6,0.1,2.4,1.2,1.2,0.3,52,20,0.15,0.1,NA,25,0.02,0.06,0.13,1.5,NA,NA,NA,""B_53"""
"B_54,""Lechuga larga"",12,49,93.4,1.5,0.2,3.9,1.8,2.1,1,64,63,0.23,1.6,NA,290,0.06,0.08,0.52,14.5,NA,NA,NA,""B_54"""
"B_55,""Lechuga redonda"",8,32,95.7,1.3,0.2,2.1,0.8,1.3,0.7,47,49,0.18,1,NA,370,0.06,0.05,0.48,7.4,NA,NA,NA,""B_55"""
"B_56,""Manchay"",53,222,84.8,0.4,0.1,14.4,NA,NA,0.3,44,16,NA,1.3,NA,238,0.36,0.34,0.61,4,NA,NA,NA,""B_56"""
"B_57,""Mastuerzo. hojas de"",44,185,86.3,1.8,1.3,9.2,8.1,1.1,1.4,211,85,0.23,1.3,NA,346,0.09,0.35,1.04,25.2,NA,NA,NA,""B_57"""
"B_58,""Mostaza. hojas de"",21,88,89,3.5,0.6,5.2,2.1,3.1,1.7,478,92,0.27,1.7,NA,50,0.29,0.2,0.8,70,NA,NA,NA,""B_58"""
"B_59,""Muña. seca"",268,1121,16,3.2,2.8,66.3,NA,NA,11.7,2237,269,NA,22.4,NA,306,0.35,1.81,6.85,0,NA,NA,NA,""B_59"""
"B_60,""Nabo"",10,40,94.7,0.6,0.2,3.6,1.8,1.8,0.9,34,34,0.27,0.1,NA,0,0.01,0.04,0.23,21.1,NA,NA,NA,""B_60"""
"B_61,""Nabo. hojas de"",24,100,88.1,2.9,0.4,7,3.8,3.2,1.6,367,95,0.19,2.8,NA,579,0.12,0.38,2.4,49.2,NA,NA,NA,""B_61"""
"B_62,""Orégano fresco"",48,201,85.1,1.6,0.5,11.3,NA,NA,1.5,312,46,NA,9.3,NA,1750,0.08,0.3,0.65,10,NA,NA,NA,""B_62"""
"B_63,""Pacchoy. hojas de"",25,103,90.5,1.3,0.3,6.3,5.3,1,1.6,235,60,0.19,3,NA,223,0.05,0.1,0.73,50,NA,NA,NA,""B_63"""
"B_64,""Pacchoy. tallos de"",18,77,92,0.4,0.2,5.4,4.4,1,2,302,84,0.19,1.2,NA,223,0.01,0.05,0.53,12,NA,NA,NA,""B_64"""
"B_65,""Paico"",41,170,81.7,5,1.1,9.2,5.4,3.8,3,459,65,1.1,6.3,NA,3,0.11,0.42,1.12,34.7,NA,NA,NA,""B_65"""
"B_66,""Pajuro"",120,502,64.4,2.1,0.3,31.5,NA,NA,1.7,25,105,NA,1.2,NA,0,0.05,0.22,1.39,42,NA,NA,NA,""B_66"""
"B_67,""Pepinillo sin cáscara"",9,37,96.4,0.5,0.1,2.6,1.9,0.7,0.4,20,22,0.17,0.3,NA,4,0.03,0.04,0.09,12.6,NA,NA,NA,""B_67"""
"B_68,""Perejil sin tallo"",41,172,82,4.8,0.7,9.9,6.6,3.3,2.6,202,76,1.07,8.7,NA,421,0.07,0.32,2.87,95.8,NA,NA,NA,""B_68"""
"B_69,""Pimiento rojo"",27,114,92.3,1.2,1.3,4.6,3.7,0.9,0.6,12,24,0.25,0.36,450,200,0.04,0.11,1.58,108.3,NA,6,NA,""B_69"""
"B_70,""Pirca"",42,176,86.2,4,0.6,7.6,NA,NA,1.6,230,58,NA,6,NA,132,0.13,0.31,0.82,17,NA,NA,NA,""B_70"""
"B_71,""Poro sin hojas"",34,142,87.8,2.7,0.8,7.6,5.8,1.8,1.1,78,50,0.12,0.7,NA,83,0.09,0.08,0.46,8.6,NA,NA,NA,""B_71"""
"B_72,""Quinua. hojas de"",50,209,81.4,4.7,0.6,9.5,NA,NA,3.8,377,63,NA,1.5,NA,251,0.06,0.95,1.2,11.1,NA,NA,NA,""B_72"""
"B_73,""Rabanitos"",7,31,95.1,0.8,0.1,2.9,1.3,1.6,1.1,36,29,0.28,1,NA,0,0.01,0.02,0.29,18.6,NA,NA,NA,""B_73"""
"B_74,""Rabicol"",22,92,92.8,2,0.2,4.2,NA,NA,0.8,41,41,NA,0.3,NA,1,0.01,0.04,0.43,94.1,NA,NA,NA,""B_74"""
"B_75,""Radicheta o achicoria"",17,70,90,1.9,0.5,6.2,2.2,4,1.4,273,34,0.42,NA,NA,286,0.07,0.14,0.51,9,NA,NA,NA,""B_75"""
"B_76,""Rocoto fresco"",36,151,89.5,1.2,0.5,8.2,NA,NA,0.6,6,22,NA,0.5,NA,35,0.01,0.14,1.15,14.9,NA,NA,NA,""B_76"""
"B_77,""Ruda"",82,343,75.4,4.1,1.7,16.1,NA,NA,2.7,552,72,NA,7.7,NA,879,NA,0.76,1.62,112,NA,NA,NA,""B_77"""
"B_78,""Siuca culantro"",28,116,87.6,1.9,0.5,8.1,5.3,2.8,1.9,195,68,0.5,4.9,NA,337,0.06,0.22,1,0.7,NA,NA,NA,""B_78"""
"B_79,""Tomate"",15,61,94.2,0.8,0.2,4.3,3.1,1.2,0.5,7,20,0.17,0.6,NA,42,0.04,0.06,0.62,18.4,NA,NA,NA,""B_79"""
"B_80,""Tomate italiano"",12,51,94.8,0.8,0.2,3.6,2.4,1.2,0.6,7,25,0.17,0.3,NA,42,0.06,0.06,0.63,32.5,NA,NA,NA,""B_80"""
"B_81,""Tomate. con carne salsa de"",106,444,77.7,2.7,5.7,11,NA,NA,2.9,20,67,NA,2.1,NA,NA,0.13,NA,1.1,9.4,NA,NA,NA,""B_81"""
"B_82,""Tomate. salsa de"",18,76,75,1.5,0.7,3.9,2.4,1.5,18.9,117,64,0.2,3,NA,17,0.1,0.12,0.6,0,NA,NA,NA,""B_82"""
"B_83,""Tomate. salsa concentrada de"",75,314,75.3,2.7,1,16.8,NA,NA,4.2,19,103,NA,2.9,NA,NA,0.12,NA,1.5,26.8,NA,NA,NA,""B_83"""
"B_84,""Vainitas"",25,105,88.2,2.4,0.3,8.1,4.7,3.4,1,88,49,0.24,1.4,NA,35,0.07,0.2,0.71,9.6,NA,NA,NA,""B_84"""
"B_85,""Zanahoria"",19,78,90.2,1,0.3,7.6,3.6,4.1,0.9,51,40,0.15,0.3,6550,1092,0.04,0.04,0.18,3.23,NA,31,95,""B_85"""
"B_86,""Zanahoria. harina de"",293,1226,11.8,7.3,1.5,67.7,NA,NA,11.7,418,384,NA,NA,NA,6089,0.38,0.33,3.74,10,NA,NA,NA,""B_86"""
"B_87,""Zapallo italiano"",14,59,95.4,0.9,0.2,2.9,NA,NA,0.6,27,34,NA,0.3,NA,0,0.01,0.33,0.42,26.2,NA,NA,NA,""B_87"""
"B_88,""Zapallo loche"",58,242,79.8,2.6,0.2,16.2,13.9,2.3,1.1,38,30,0.4,0.33,324,54,0.05,0.08,0.52,7.44,NA,17,219,""B_88"""
"B_89,""Zapallo macre"",26,109,92,0.7,0.2,6.4,NA,NA,0.7,26,17,0.13,0.6,NA,68,0.03,0.04,0.4,5.7,NA,NA,NA,""B_89"""
"B_90,""Ají charapita"",78,326,76.3,3.9,0.8,17.4,NA,NA,1.6,NA,NA,NA,NA,NA,41,NA,NA,NA,5.66,NA,NA,NA,""B_90"""
"B_91,""Ají cerezo"",64,268,80,4.2,0.5,14.1,NA,NA,1.4,NA,NA,NA,NA,NA,NA,NA,NA,NA,NA,NA,NA,NA,""B_91"""
"B_92,""Ají colorado seco**"",328,1374,7.8,9.5,2.8,78.8,NA,NA,1,140,238,NA,3.4,NA,493,0.24,0.84,1.9,55,NA,NA,NA,""B_92"""
"B_93,""Ají uña de pava"",57,241,82.8,3,0.7,12.5,NA,NA,1,NA,NA,NA,NA,NA,NA,NA,NA,NA,NA,NA,NA,NA,""B_93"""
"B_94,""Ajos variedad Barranquino"",115,482,59.4,6.2,0.3,32.6,27.2,5.4,1.5,NA,NA,0.85,0.57,0,0,0.13,0.07,0.09,12.3,NA,69,250,""B_94"""
"B_95,""Ajos variedad Napuri"",115,482,58.6,7.7,0.3,31.8,26.4,5.4,1.6,NA,NA,0.82,0.4,NA,0,0.13,0.07,0.09,12.3,NA,69,250,""B_95"""
"B_96,""Ajos variedad Napuri fresco. molido en aceite sin sal"",203,848,51.5,5.1,9.1,33.2,31.9,1.3,1,NA,NA,2.19,1.07,NA,1,0.35,0.19,0.24,32.78,NA,NA,NA,""B_96"""
"B_97,""Ajos variedad Napuri fresco. molido en aceite con sal"",185,775,49.3,4.8,5.2,37.2,36.3,0.8,3.5,NA,NA,2.49,1.22,NA,1,0.4,0.21,0.27,37.42,NA,NA,NA,""B_97"""
"B_98,""Ajos variedad Napuri fresco. molido en agua sin sal"",77,321,73.2,4.9,0.2,20.9,17.8,3.1,0.9,NA,NA,0.47,0.23,NA,0,0.07,0.04,0.05,7.04,NA,NA,NA,""B_98"""
"B_99,""Ajos variedad Napuri fresco. molido en agua con sal"",84,353,69,5,0.3,21.6,19.6,2,4.1,NA,NA,0.67,0.33,NA,0,0.11,0.06,0.07,9.99,NA,NA,NA,""B_99"""
"B_100,""Alcaparras****"",31,131,78.6,2.3,0.6,5.8,NA,NA,12.7,66,8,4.2,NA,3,0.04,0.15,0,0,NA,NA,NA,100,"""""
"B_101,""Cebolla variedad americana"",22,91,91.1,1.4,0.4,6.9,4.4,2.5,0.3,20,35,0.15,0.21,NA,0,0.04,0.02,0.59,9.84,NA,6,168,""B_101"""
"B_102,""Cebolla variedad perilla"",28,117,89.3,1.4,0.4,8.5,6,2.5,0.4,20,35,0.23,0.22,0,0,0.04,0.02,0.59,9.84,NA,6,168,""B_102"""
"B_103,""Chijchipa"",45,188,85.3,3.3,0.4,9.3,NA,NA,1.7,335,57,NA,8.3,NA,189,0.06,0.43,1.02,70,NA,NA,NA,""B_103"""
"B_104,""Chullcos. ajos silvestres"",92,385,73.7,1.8,0.5,23.5,NA,NA,0.5,22,56,NA,2.1,NA,NA,0.03,0.1,0.67,5,NA,NA,NA,""B_104"""
"B_105,""Col china con hoja y tallo"",15,62,95.1,1.4,1.1,2,0.7,1.2,0.5,NA,NA,NA,13.38,1210,202,0.08,NA,NA,NA,NA,32,NA,""B_105"""
"B_106,""Coliflor con tallo y sin hojas"",20,86,91.9,2.1,0.6,4.7,2.9,1.8,0.7,NA,NA,NA,0.49,2,0,0.08,NA,NA,NA,NA,19,NA,""B_106"""
"B_107,""Culantro. con hojas y tallo"",15,62,88.4,3.5,0.2,5.9,1.2,4.7,1.9,135,60,0.6,4.5,605,101,NA,NA,NA,4.78,NA,22,802,""B_107"""
"B_108,""Espinaca. hojas sin tallo"",30,128,86.9,4.8,1.4,4.7,1.9,2.8,2.2,NA,NA,NA,21.29,2930,488,0.09,NA,NA,NA,NA,32,NA,""B_108"""
"B_109,""Estragón. secos"",269,1126,7.7,22.8,7.2,50.2,42.8,7.4,NA,1139,313,3.9,32.3,NA,1260,0.25,1.34,8.95,50,274,62,3020,""B_109"""
"B_110,""Hinojo. tallo. fresco. crudo"",19,80,92.8,1.9,0.2,3.6,NA,NA,1.5,NA,NA,NA,NA,NA,NA,0.04,0.04,0.3,15.9,NA,NA,NA,""B_110"""
"B_111,""Kión sin cáscara"",49,205,84.9,0.1,0.4,13.7,11.8,2,0.8,12,30,0.44,0.25,110,18,0.04,0,0.35,0.93,0,7,356,""B_111"""
"B_112,""Lechuga de seda"",10,42,95.9,1.3,0.1,2.3,1.7,0.6,NA,39,40,NA,1.3,NA,0,0.09,0.07,0.31,10,NA,NA,NA,""B_112"""
"B_113,""Llampun Cjana “Cjana-cjana”"",254,1061,12.1,29.5,6,36.8,NA,NA,15.6,1600,333,NA,41.1,NA,NA,0.61,1.38,NA,0,NA,NA,NA,""B_113"""
"B_114,""Pacchoy con hojas y tallo"",5,20,96.1,1,0.3,1.8,0.1,1.7,0.8,NA,NA,NA,10.14,880,147,0,NA,NA,5.22,NA,113,NA,""B_114"""
"B_115,""Paico. Hojas de"",28,117,84.1,5.7,0.3,6.6,3.2,3.4,3.2,271,20,0.94,NA,3033,506,0.11,0.27,77.29,35.53,NA,38,144,""B_115"""
"B_116,""Pimiento verde**"",31,131,90.7,1.3,0.2,7.5,NA,NA,0.4,21,29,NA,1.1,NA,54,0.07,0.2,1.12,55,NA,NA,NA,""B_116"""
"B_117,""Rocoto molido con cáscara en agua sin sal"",17,69,93.7,0.2,0.1,5.5,4.2,1.4,0.4,10,0,0,0.03,228,38,0.05,0,0.5,1.34,NA,7,188,""B_117"""
"B_118,""Romero fresco*"",81,338,67.8,3.3,5.9,20.7,6.6,14.1,2.4,317,66,0.93,6.65,NA,146,0.04,0.15,0.91,22,0,26,668,""B_118"""
"B_119,""Tomate de palito"",44,185,86.5,1.6,0.2,10.8,NA,NA,0.9,15,19,NA,0.8,NA,NA,0.05,0.03,NA,4.9,NA,NA,NA,""B_119"""
"B_120,""Tomate redondo. con cáscara"",18,75,93.9,0.7,0.3,4.7,4,0.7,0.5,24,20,0.1,0.45,NA,42,NA,NA,NA,10.18,NA,25,139,""B_120"""
"B_121,""Tomillo seco*"",181,756,7.8,9.1,7.4,63.9,26.9,37,11.7,1890,201,6.18,123.6,NA,190,0.51,0.4,4.94,50,0,55,814,""B_121"""
"B_122,""Zapallito"",57,236,82.2,1.9,0.1,14.3,NA,NA,1.5,17,76,NA,0.4,NA,NA,0.12,0.05,NA,11,NA,NA,NA,""B_122"""
"B_123,""Zapallo avinca"",29,122,91,0.9,0.1,7.3,NA,NA,0.7,34,5,NA,0.9,NA,NA,0.03,0.01,NA,0.5,NA,NA,NA,""B_123"""
"B_124,""Zapallo criollo"",28,119,91,0.6,0.2,7.6,7.1,0.5,0.6,28,0,1.6,0.4,NA,143,NA,NA,NA,0.1,0,6,140,""B_124"""
"B_125,""Zapallo ombligo"",21,88,93.5,0.9,0.2,4.8,NA,NA,0.6,34,12,NA,0.3,NA,NA,0.01,0.02,NA,7.5,NA,NA,NA,""B_125"""
"C_1,""Abridores"",57,239,82,0.8,0.1,16.4,14.9,1.5,0.7,6,35,0.17,0.4,NA,16,0.03,0.05,1.17,27.5,NA,NA,NA,""C_1"""
"C_2,""Aceituna de botija"",298,1247,57.5,0.8,32.1,7.3,NA,NA,2.3,86,55,NA,2.4,NA,0,0.03,0.22,0.8,0,NA,NA,NA,""C_2"""
"C_3,""Aceitunas negras preparadas"",292,1224,41,2.2,22.4,30.3,27.1,3.2,4.1,67,63,0.22,7.4,NA,20,0.03,0.24,1,0,NA,NA,NA,""C_3"""
"C_4,""Airampo"",51,212,85.9,1.8,0.5,11.2,NA,NA,0.6,85,0,NA,NA,NA,NA,0.01,0.02,24,NA,NA,NA,NA,""C_4"""
"C_5,""Aguaje"",283,1184,53.6,2.3,25.1,18.1,NA,NA,0.9,74,27,NA,0.7,NA,706,0.12,0.17,0.3,0,NA,NA,NA,""C_5"""
"C_6,""Anona"",45,188,85,1.1,0.4,12.9,10.5,2.4,0.6,16,37,NA,0.2,NA,2,0.07,0.23,0.79,3.4,NA,NA,NA,""C_6"""
"C_7,""Durazno-Melocotón"",43,180,86.3,0.8,0.2,12.4,10.8,1.6,0.4,NA,NA,NA,0.59,56,9,NA,NA,NA,0.77,NA,NA,NA,""C_7"""
"C_8,""Caimito"",49,205,83.5,1.8,0.5,13.6,10.8,2.8,0.6,88,19,NA,0.2,NA,NA,0.01,0.02,24,13,NA,NA,NA,""C_8"""
"C_9,""Camu-camu"",24,100,93.3,0.5,0.1,5.9,NA,NA,0.2,28,15,NA,0.5,NA,0,0.01,0.04,0.61,2780,NA,NA,NA,""C_9"""
"C_10,""Capulí"",63,264,82.3,0.7,0.4,15.9,NA,NA,0.7,26,26,NA,0.9,NA,36,0.07,0.11,1.45,0,NA,NA,NA,""C_10"""
"C_11,""Chambiro"",118,494,75.9,1.5,7.3,14.5,NA,NA,0.8,47,59,NA,0.6,NA,0,0.08,0.23,0.2,4.2,NA,NA,NA,""C_11"""
"C_12,""Chirimoya"",72,302,75.4,1.9,0.3,21.6,17.7,4,0.8,102,50,0.3,0.29,0,0,0.09,0.16,1.62,10.36,NA,16,377,""C_12"""
"C_13,""Ciruela"",82,343,76.3,1,0.2,21.5,NA,NA,1,20,53,NA,0.9,NA,23,0.05,0.06,1.44,36.8,NA,NA,NA,""C_13"""
"C_14,""Coco"",286,1197,56.4,3.4,28.1,10.8,NA,NA,1.3,8,51,0.25,1.8,NA,1,0.02,0.05,0.58,0.9,NA,NA,NA,""C_14"""
"C_15,""Coco. agua de"",10,43,95.5,0.7,0.1,3.1,2,1.1,0.6,21,7,0.1,0,NA,0,0.03,0.01,0.08,0.8,NA,NA,NA,""C_15"""
"C_16,""Cocona"",42,176,88.5,0.9,0.7,9.2,NA,NA,0.7,16,30,NA,1.5,NA,23,0.06,0.1,2.25,4.5,NA,NA,NA,""C_16"""
"C_17,""Dátiles"",195,817,36.8,1.4,0.5,59.8,51.8,8,1.5,60,29,0.29,0.8,NA,0,0.1,0.09,0.13,2.9,NA,NA,NA,""C_17"""
"C_18,""Fresa"",34,142,89.1,0.7,0.8,8.9,6.9,2,0.5,37,28,0.14,1.2,NA,1,0.04,0.05,0.26,42,NA,NA,NA,""C_18"""
"C_19,""Granada"",66,277,80,0.5,0.1,18.3,17.7,0.6,1.1,10,38,0.12,0.3,NA,5,0.09,0.04,1.56,5.2,NA,NA,NA,""C_19"""
"C_20,""Granadilla"",51,214,82.3,2.5,2.7,11.4,5.7,5.8,1.1,17,128,NA,1.28,0,0,0.11,0.13,2.14,9.88,NA,11,338,""C_20"""
"C_21,""Granadilla. jugo enlatado de"",62,258,82,1.1,0,16.1,NA,NA,0.8,6,50,NA,0.6,NA,NA,0,0.03,NA,129.6,NA,NA,NA,""C_21"""
"C_22,""Guanábana"",44,185,84,0.9,0.2,14.3,11,3.3,0.6,38,43,0.1,0.7,NA,0,0.05,0.06,1.69,19,NA,NA,NA,""C_22"""
"C_23,""Guayaba"",37,154,83.9,0.5,0.1,14.9,9.5,5.4,0.6,18,23,0.23,0.3,NA,31,0.04,0.04,1.44,60,NA,NA,NA,""C_23"""
"C_24,""Guayaba amarilla con cáscara"",13,53,88.2,1.2,0.3,9.7,1.7,8,0.6,32,15,0.23,0.23,3,0,0.05,0.06,0.44,56.1,NA,2,195,""C_24"""
"C_25,""Guayaba rosada"",37,154,84,0.5,0.2,14.7,9.3,5.4,0.6,17,23,0.23,0.3,NA,31,0.04,0.05,1.4,9.8,NA,NA,NA,""C_25"""
"C_26,""Guayaba verde"",36,151,84.3,0.5,0.1,14.7,9.3,5.4,0.4,30,11,0.23,0,NA,31,0.04,0.06,0.66,17.7,NA,NA,NA,""C_26"""
"C_27,""Higo negro"",65,272,78,0.9,0.1,19.9,17,2.9,1.1,58,43,0.15,0.8,NA,7,0.04,0.05,0.52,2.9,NA,NA,NA,""C_27"""
"C_28,""Higo seco"",146,612,47.7,3.6,0.2,46.6,36.8,9.8,1.9,109,100,0.55,2.4,NA,10,0,0.08,0.9,3.7,NA,NA,NA,""C_28"""
"C_29,""Huito"",55,230,83.9,1.2,0.1,14,NA,NA,0.8,69,21,NA,0.5,NA,0,0.03,0.33,0.54,1.1,NA,NA,NA,""C_29"""
"C_30,""Humarí / Umari. sin pepa y sin cáscara"",163,682,62.1,1.6,8.1,27.4,25,2.4,0.9,5,30,0.5,0.72,NA,20,0.03,0.74,1.5,0.21,NA,10,211,""C_30"""
"C_31,""Kaki"",64,270,78.1,0.5,0.1,20.8,17.2,3.6,0.5,9,26,0.11,0.2,NA,81,0.05,0.03,0,6.9,NA,NA,NA,""C_31"""
"C_32,""Kumuvi"",101,423,71.9,0.7,0.6,25.9,NA,NA,0.9,16,31,NA,3.5,NA,7,0.02,0.04,0.22,2.8,NA,NA,NA,""C_32"""
"C_33,""Lima"",13,55,92.8,0.6,0.4,5.9,3.1,2.8,0.3,31,9,0.11,0.2,NA,2,0.03,0.04,0.3,36,NA,NA,NA,""C_33"""
"C_34,""Limón. jugo de"",28,119,89.3,0.5,0.2,9.7,9.3,0.4,0.3,18,14,0.05,0.5,NA,1,0.03,0.03,0.11,44.2,NA,NA,NA,""C_34"""
"C_35,""Lúcuma"",97,406,61.7,2.1,0.2,34.9,24.7,10.2,1.2,16,26,NA,0.79,1750,292,0.01,0.14,1.96,0.77,NA,NA,NA,""C_35"""
"C_36,""Lúcuma. harina de"",329,1377,9.3,4,2.4,82,NA,NA,2.3,92,186,NA,4.6,NA,NA,0.02,0.03,NA,11.6,NA,NA,NA,""C_36"""
"C_37,""Macambo. pulpa y semilla"",177,741,61.1,6.7,9.2,21.5,NA,NA,1.5,19,165,NA,1.7,NA,NA,0.95,1.05,1.2,9.2,NA,NA,NA,""C_37"""
"C_38,""Macambo. pulpa de"",44,184,88,2.1,0.8,8.3,NA,NA,0.8,NA,44,NA,0.5,NA,26,0.08,0.09,3.1,22.8,NA,NA,NA,""C_38"""
"C_39,""Mamey maduro"",27,111,88.9,0.5,0.1,9.7,6.7,3,0.8,51,46,0.1,0.4,NA,12,0.02,0.04,0.61,2,NA,NA,NA,""C_39"""
"C_40,""Mandarina"",29,121,90.1,0.6,0.3,8.6,6.8,1.8,0.4,19,17,0.07,0.3,NA,34,0.06,0.05,0.3,48.7,NA,NA,NA,""C_40"""
"C_41,""Mango"",54,225,83,0.4,0.2,15.9,14.1,1.8,0.5,17,15,0.04,0.4,NA,38,0.03,0.11,0.39,24.8,NA,NA,NA,""C_41"""
"C_42,""Manzana nacional"",50,208,84.7,0.3,0.1,14.6,13.3,1.3,0.3,5,11,0.05,1.4,NA,2,0.03,0.04,0.13,1.3,NA,NA,NA,""C_42"""
"C_43,""Maracuyá. jugo puro de"",61,256,82.3,0.9,0.1,16.1,15.9,0.2,0.6,13,30,0.06,3,NA,121,0.03,0.15,2.24,22,NA,NA,NA,""C_43"""
"C_44,""Marañón"",35,146,87.9,0.8,0.5,10.5,7.8,2.7,0.3,8,30,NA,3,NA,15,0.05,0.05,0.96,108,NA,NA,NA,""C_44"""
"C_45,""Melón"",21,86,92.9,0.5,0.1,5.8,5,0.8,0.7,13,15,0.09,0.5,NA,3,0.04,0.04,0.64,23,NA,NA,NA,""C_45"""
"C_46,""Melón enano"",20,84,94.3,0.6,0.2,4.4,NA,NA,0.5,23,3,NA,0.4,NA,6,0.02,0.06,0.38,15.3,NA,NA,NA,""C_46"""
"C_47,""Membrillo"",36,152,86.9,0.3,0.1,11.5,9.6,1.9,1.2,9,29,0.04,0.7,NA,2,0.02,0.07,0.23,12.5,NA,NA,NA,""C_47"""
"C_48,""Naranja"",31,131,88.5,0.6,0.2,10.1,7.7,2.4,0.6,23,51,0.07,0.2,NA,11,0.09,0.04,0.36,92.3,NA,NA,NA,""C_48"""
"C_49,""Naranja agria. jugo de"",32,135,90.7,0.5,0.2,8.2,8,0.2,0.4,31,9,0.07,0.2,NA,9,0.03,0.05,0.13,42,NA,NA,NA,""C_49"""
"C_50,""Naranja de Guayaquil"",31,132,88.6,0.5,0.2,10.2,7.8,2.4,0.5,37,17,0.07,0.1,NA,11,0.05,0.01,0.14,42.2,NA,NA,NA,""C_50"""
"C_51,""Naranja de Huando"",36,152,87.3,1.2,0.2,10.9,8.5,2.4,0.4,30,17,0.07,0.1,NA,11,0.06,0.02,0.29,43.9,NA,NA,NA,""C_51"""
"C_52,""Níspero"",41,170,86.5,0.3,0,12.7,11,1.7,0.5,21,16,0.05,0.3,NA,76,0.02,0.11,0.37,1.2,NA,NA,NA,""C_52"""
"C_53,""Nuzive"",138,577,70.3,2.7,7.8,17.7,NA,NA,1.5,38,113,NA,7.5,NA,9,0.23,0.15,1.08,1.7,NA,NA,NA,""C_53"""
"C_54,""Pacae o Guaba"",56,234,84.1,0.6,0.1,14.8,NA,NA,0.4,14,30,NA,0.4,NA,0,0.02,0.07,0.5,1.4,NA,NA,NA,""C_54"""
"C_55,""Palta"",130,546,79.2,1.7,12.5,5.6,NA,NA,1,30,67,0.64,0.6,NA,7,0.03,0.1,1.82,6.8,NA,NA,NA,""C_55"""
"C_56,""Pan de árbol con semilla"",117,489,63.4,4.5,1.8,29,24.1,4.9,1.3,20,255,0.12,0.9,NA,0,0.22,0.09,2.6,6.6,NA,NA,NA,""C_56"""
"C_57,""Pan de árbol sin semilla"",30,124,86.4,1.6,0.5,10.5,5.6,4.9,1,71,37,0.12,2.8,NA,0,0.07,0.08,0.78,2.1,NA,NA,NA,""C_57"""
"C_58,""Pan-Meo"",78,326,78,1.3,0.2,19.9,NA,NA,0.6,21,21,NA,NA,NA,NA,0.07,0.09,0.66,1.4,NA,NA,NA,""C_58"""
"C_59,""Papaya"",25,106,90.8,0.4,0.1,8.2,6.4,1.8,0.5,23,14,0.07,0.3,NA,55,0.03,0.07,0.41,47.7,NA,NA,NA,""C_59"""
"C_60,""Pasa sin pepa"",228,953,31.6,2.4,0.4,63.8,60.1,3.7,1.8,64,91,0.22,3.7,NA,0,0.12,0.13,0.37,2.3,NA,NA,NA,""C_60"""
"C_61,""Pepino dulce"",26,109,92.3,0.3,0,7,NA,NA,0.4,30,10,NA,0.3,NA,28,0.04,0.05,0.58,29.7,NA,NA,NA,""C_61"""
"C_62,""Pera chilena"",38,160,86,0.3,0.1,13.2,10.1,3.1,0.4,4,16,0.1,0.3,NA,1,0.02,0.04,0.24,1.9,NA,NA,NA,""C_62"""
"C_63,""Pera de agua"",42,176,85.8,0.4,0.6,13,9.9,3.1,0.2,7,5,0.1,0.1,NA,1,0.02,0.06,0.16,6.5,NA,NA,NA,""C_63"""
"C_64,""Pera nacional"",55,230,84.7,0.4,0.2,14.5,NA,NA,0.2,2,6,NA,0.3,NA,0,0.02,0.05,0.16,2.5,NA,NA,NA,""C_64"""
"C_65,""Pera perilla"",58,243,84.2,0.6,0.5,14.4,NA,NA,0.3,10,18,NA,0.5,NA,0,0.03,0.05,0.44,3.6,NA,NA,NA,""C_65"""
"C_66,""Pero"",50,211,85.4,0.4,0.7,13.3,12,1.3,0.2,6,9,0.05,0.3,NA,2,0.05,0.07,0.11,2.8,NA,NA,NA,""C_66"""
"C_67,""Pijuayo"",184,770,52.3,2.8,3.2,41,NA,NA,0.7,27,47,NA,1,NA,140,0.05,0.28,1.38,22.6,NA,NA,NA,""C_67"""
"C_68,""Pijuayo sancochado. sin cáscara y sin pepas"",120,501,52.2,2.1,4,41,22.1,19,0.7,23,20,0.98,0.65,NA,108,0.11,0.2,2.49,12.79,NA,10,215,""C_68"""
"C_69,""Piña"",33,139,89.3,0.4,0.2,9.8,8.4,1.4,0.3,10,5,0.1,0.4,NA,3,0.04,0.06,0.27,19.9,NA,NA,NA,""C_69"""
"C_70,""Plátano de isla"",75,314,74.2,1.2,0.1,21.6,19.5,2.2,2.9,9,20,0.13,0.3,427,71,0.07,0.07,0.47,0,NA,15,388,""C_70"""
"C_71,""Plátano de seda"",74,309,76.2,1.5,0.3,21,18.4,2.6,1,5,27,0.15,0.6,NA,3,0.03,0.05,0.79,4.3,NA,NA,NA,""C_71"""
"C_72,""Plátano guineo"",111,465,65.9,1.4,0.2,31.7,29.1,2.6,0.8,10,23,0.15,0.6,NA,3,0.02,0.08,0.53,1.1,NA,NA,NA,""C_72"""
"C_73,""Plátano manzano"",80,336,74.3,1.1,0.2,23.4,20.8,2.6,1,6,47,0.15,0.8,NA,3,0.04,0.16,0.6,7.3,NA,NA,NA,""C_73"""
"C_74,""Plátano. harina de"",302,1265,14,4,0.4,79.3,NA,NA,2.3,29,104,0.81,4.62,NA,12,0.11,0.12,1.57,0.68,NA,NA,NA,""C_74"""
"C_75,""Plátano maduro"",103,431,68.1,1.2,0.2,29.6,27,2.6,0.9,0,37,0.15,0.4,NA,3,0.06,0.06,0.5,5.6,NA,NA,NA,""C_75"""
"C_76,""Plátano morado"",97,405,69.8,1,0.2,28.1,25.5,2.6,0.9,42,17,0.15,0.3,NA,3,NA,0.25,0.68,2.3,NA,NA,NA,""C_76"""
"C_77,""Plátano seco (orejón)"",232,972,24.5,3.7,1.2,68.2,58.3,9.9,2.4,26,84,0.61,NA,NA,12,0.05,0.18,1.4,1.8,NA,NA,NA,""C_77"""
"C_78,""Plátano verde"",144,602,57,1,0.2,40.9,38.6,2.3,0.9,8,43,0.14,0.5,NA,56,0.09,0.14,0.62,10.4,NA,NA,NA,""C_78"""
"C_79,""Plátano verde asado"",243,1018,29.1,1.5,0.2,68,65.7,2.3,1.2,10,80,0.13,0.8,NA,45,0.11,0.22,0.9,1.4,NA,NA,NA,""C_79"""
"C_80,""Plátano verde sancochado"",129,540,61.6,0.7,0.3,36.8,34.5,2.3,0.6,10,35,0.13,0.7,NA,45,0.06,0.17,0.53,3.4,NA,NA,NA,""C_80"""
"C_81,""Pomarosa"",33,138,90.7,0.5,0.4,7.9,NA,NA,0.5,10,9,0.06,0.2,NA,17,2,0.02,0.05,20.4,NA,NA,NA,""C_81"""
"C_82,""Purunkari"",151,632,58.1,2.7,1.4,36.3,NA,NA,1.5,96,39,NA,2.8,NA,10,0.03,0.06,1.46,5.6,NA,NA,NA,""C_82"""
"C_83,""Sandia"",23,96,93,0.7,0.1,5.9,5.5,0.4,0.3,6,5,0.1,0.3,NA,28,0.06,0.04,0.18,3,NA,NA,NA,""C_83"""
"C_84,""Shiwawaco (semilla)"",249,1041,39,6.6,7.5,45.5,NA,NA,1.4,45,179,NA,2.7,NA,NA,0.02,0.08,1.07,10.6,NA,NA,NA,""C_84"""
"C_85,""Tamarindo"",221,925,31.4,2.8,0.6,62.5,57.4,5.1,2.7,74,113,0.1,1,NA,2,0.43,0.15,1.94,3.5,NA,NA,NA,""C_85"""
"C_86,""Mango ciruelo (taperibá)"",56,234,84.5,0.6,0.3,14.2,NA,NA,0.4,39,27,NA,0.7,NA,0,0.05,0.19,0.67,5.9,NA,NA,NA,""C_86"""
"C_87,""Toronja"",33,138,89.8,0.6,0.4,8.8,7.7,1.1,0.4,34,16,0.07,2,NA,46,NA,0.01,0.2,50.6,NA,NA,NA,""C_87"""
"C_88,""Tumbo costeño"",22,92,93.3,0.4,0,5.8,NA,NA,0.5,11,15,NA,0.4,NA,6,0.01,0.04,0.47,34.4,NA,NA,NA,""C_88"""
"C_89,""Tumbo serrano sin cáscara"",37,153,84.5,2.1,0.4,12.1,7.4,4.8,1,8,34,NA,0.28,12,2,0.02,0.11,4.56,159.94,NA,4,447,""C_89"""
"C_90,""Tuna"",46,194,82.3,0.8,0,15.4,12.1,3.3,1.5,16,26,0.12,0.3,NA,2,0.01,0.04,0.36,19.5,NA,NA,NA,""C_90"""
"C_91,""Tuna roja"",36,150,86.2,1.3,0.2,12.1,8.3,3.8,0.2,136,20,0.26,0.17,0,0,0.01,0.04,0.42,33.66,NA,33,143,""C_91"""
"C_92,""Ungurauy"",307,1284,41.7,2.8,21.1,33.6,NA,NA,0.8,65,16,NA,0.9,NA,8,0.06,0.68,NA,0,NA,NA,NA,""C_92"""
"C_93,""Uva blanca"",40,168,87.8,0.3,0.2,11.3,10.4,0.9,0.4,5,20,0.07,0.8,NA,3,0.03,0.03,0.11,1.4,NA,NA,NA,""C_93"""
"C_94,""Uva borgoña"",79,330,77,0.9,0.3,21.3,20.4,0.9,0.5,18,32,0.07,1.1,NA,3,0.01,0.13,0.32,4.7,NA,NA,NA,""C_94"""
"C_95,""Uva italia"",63,262,81.1,0.4,0.1,17.7,16.8,0.9,0.7,19,28,0.07,0.5,NA,3,0.03,0.1,0.24,2.8,NA,NA,NA,""C_95"""
"C_96,""Uva negra"",63,265,81.2,0.2,0.1,18.1,17.2,0.9,0.4,6,20,0.07,2.2,NA,3,0.05,0.04,0.15,2.2,NA,NA,NA,""C_96"""
"C_97,""Uva quebranta"",66,276,81.4,0.5,0.1,17.7,NA,NA,0.3,14,11,NA,0.4,NA,0,0.05,0.07,0.11,0.7,NA,NA,NA,""C_97"""
"C_98,""Uvilla"",64,268,82.4,0.3,0.3,16.7,NA,NA,0.3,34,10,NA,0.6,NA,0,0,0.22,0.3,0.6,NA,NA,NA,""C_98"""
"C_99,""Zapote"",73,305,79.7,0.9,0.3,18.8,NA,NA,0.7,10,20,0.15,0.24,NA,130,0.02,0.09,1.42,0.21,NA,21,160,""C_99"""
"C_100,""Aguaymanto"",51,213,79.8,1.9,0,17.3,12.4,4.9,1,11,38,0.4,1.24,2640,440,NA,NA,NA,43.3,NA,NA,293,""C_100"""
"C_101,""Blanquillo"",47,198,84.8,1,0.3,13.3,11.6,1.8,0.6,NA,NA,NA,1.06,0,0,NA,NA,NA,0.77,NA,NA,NA,""C_101"""
"C_102,""Carambola"",23,98,91.7,1,0.5,6.5,4.5,2,0.3,5,9,0.12,1.16,30,5,0.04,0.08,NA,22.67,NA,11,56,""C_102"""
"C_103,""Carambola. refresco cocido de"",6,27,98.5,0.2,0.3,0.9,NA,NA,0.1,NA,NA,NA,NA,NA,NA,NA,NA,NA,4.12,NA,NA,NA,""C_103"""
"C_104,""Carambola. refresco natural de"",5,21,98.9,0.2,0.3,0.6,0.5,0,0.1,0,0,0,0.02,1,0,0,0,NA,5.67,NA,0,1,""C_104"""
"C_105,""Coco rallado"",596,2494,3.9,7.4,66.8,19.5,3.3,16.2,2.4,23,170,NA,NA,NA,NA,NA,NA,2.1,NA,NA,101,688,""C_105"""
"C_106,""Cocona. jugo natural de"",0,1,NA,NA,NA,0.8,0.1,0.7,NA,9,0,NA,0.72,NA,NA,NA,NA,NA,0,NA,23,NA,""C_106"""
"C_107,""Durazno. néctar envasado"",6,24,96.8,0,0,3.1,1.4,1.7,0.1,NA,NA,NA,0.05,NA,NA,NA,NA,NA,5.35,NA,7,37,""C_107"""
"C_108,""Granadilla. jugo natural"",25,103,90.3,1.1,0.2,7.3,5.4,1.9,1.1,6,42,NA,0.42,0,0,0.04,0.04,0.71,11.25,NA,4,112,""C_108"""
"C_109,""Guindón*"",215,899,30.9,2.2,0.4,63.9,56.8,7.1,2.6,43,69,0.44,0.93,NA,39,0.05,0.19,1.88,1,0,2,732,""C_109"""
"C_110,""Kiwi. sin cáscara"",39,161,85.6,2.9,0.3,10.6,7.3,3.2,0.6,51,30,0.17,0.37,14,2,0.04,0.03,0.6,86.76,0,21,220,""C_110"""
"C_111,""Limón dulce. sin cáscara"",20,83,90.7,1.4,0.4,7.1,4.8,2.3,0.4,30,0,0.31,0.17,NA,0,0.03,0.02,0.2,29.46,NA,16,66,""C_111"""
"C_112,""Limón. néctar envasado"",57,237,85.7,0,0,14.2,14.1,0.1,0.1,NA,NA,NA,0.01,NA,NA,NA,NA,NA,8.66,NA,19,18,""C_112"""
"C_113,""Mango. néctar envasado"",44,185,87.4,0,0,12.5,11,1.5,0.1,NA,NA,NA,0.03,NA,NA,NA,NA,NA,0.94,NA,26,15,""C_113"""
"C_114,""Manzana chilena verde con cáscara"",38,158,87.5,0.2,0.3,11.4,9.7,1.8,0.6,NA,NA,NA,0.83,0,0,NA,NA,NA,0.23,NA,NA,NA,""C_114"""
"C_115,""Manzana delicia “helada” con cáscara"",47,195,83.5,0.2,0.1,16,12.6,3.4,0.3,NA,NA,NA,0.82,2,0,NA,NA,NA,0.31,NA,NA,NA,""C_115"""
"C_116,""Manzana delicia roja con cáscara"",52,216,82.9,0.3,0.1,16.5,14,2.6,0.3,NA,NA,NA,0.3,15,3,NA,NA,NA,0.26,NA,NA,NA,""C_116"""
"C_117,""Manzana israel con cáscara"",40,165,86.5,0.4,0.1,12.9,10.5,2.4,0.2,NA,NA,NA,0.41,8,1,NA,NA,NA,0.3,NA,NA,NA,""C_117"""
"C_118,""Manzana. jugo natural. envasado"",43,180,NA,NA,NA,11,10.7,0.3,NA,13,20,NA,0.49,NA,NA,NA,NA,NA,0,NA,13,NA,""C_118"""
"C_119,""Manzana. néctar envasado"",38,160,90.3,0,0,9.5,9.5,0.1,0.1,NA,NA,NA,0.02,NA,NA,NA,NA,NA,13.53,NA,37,29,""C_119"""
"C_120,""Manzana pero con cáscara (para agua)"",31,130,85.6,0.3,0.1,13.8,8.3,5.5,0.3,NA,NA,NA,0.51,2,0,NA,NA,NA,0.31,NA,NA,NA,""C_120"""
"C_121,""Manzana santa rosa (golden) con cáscara"",53,221,82.3,0.2,0.1,17.3,14.4,2.8,0.2,NA,NA,NA,0.43,11,2,NA,NA,NA,1.02,NA,NA,NA,""C_121"""
"C_122,""Manzana winter con cáscara"",44,186,84.4,0.3,0.1,15,12,3.1,0.2,NA,NA,NA,0.27,4,1,NA,NA,NA,0.36,NA,NA,NA,""C_122"""
"C_123,""Maracuyá. jugo natural. envasado"",35,145,NA,NA,NA,10,8.7,1.4,NA,11,0,NA,0.2,NA,NA,NA,NA,NA,0,NA,11,NA,""C_123"""
"C_124,""Maracuyá. néctar envasado"",9,37,97.6,0,0,2.3,2.1,0.2,0.1,NA,NA,NA,0.02,NA,NA,NA,NA,NA,24.05,NA,27,15,""C_124"""
"C_125,""Naranja. bebida envasada"",56,235,85.2,0,0,14.7,14,0.7,0.1,NA,NA,NA,0.02,NA,NA,NA,NA,NA,52.25,NA,9,46,""C_125"""
"C_126,""Naranja. jugo natural. envasado"",16,69,NA,NA,NA,5,4.1,0.9,NA,10,0,NA,0.11,NA,NA,NA,NA,NA,72.94,NA,7,NA,""C_126"""
"C_127,""Naranja. néctar envasado"",43,179,NA,NA,NA,12.3,10.7,1.6,NA,6,0,NA,0.38,NA,NA,NA,NA,NA,17.92,NA,29,NA,""C_127"""
"C_128,""Naranja tangelo"",24,98,91,1,0.2,7.4,5.2,2.2,0.4,NA,NA,NA,0.63,38,6,NA,NA,NA,11.74,NA,NA,NA,""C_128"""
"C_129,""Naranja tangelo. jugo natural"",16,69,93,0.7,0.2,5.9,3.5,2.4,0.3,NA,NA,NA,0.26,22,4,NA,NA,NA,9.16,NA,NA,NA,""C_129"""
"C_130,""Naranjilla*"",28,117,91.8,0.7,0.1,6.8,NA,NA,0.6,8,14,NA,0.4,NA,NA,0.06,0.04,1.5,65,NA,4,294,""C_130"""
"C_131,""Palta “fuerte”"",104,436,69.7,1.9,8.9,17.1,6.5,10.6,2.4,11,60,0.63,0.49,75,13,0.07,0.13,1.74,3.82,0,21,430,""C_131"""
"C_132,""Papaya arequipeña"",17,72,94.4,1,0.3,3.7,3.3,0.5,0.7,NA,NA,NA,0.3,0,0,NA,NA,NA,34.45,NA,1,326,""C_132"""
"C_133,""Pera. néctar envasado"",46,192,88.5,0,0,11.5,11.4,0,0.1,NA,NA,NA,0.02,NA,NA,NA,NA,NA,0.81,NA,25,6,""C_133"""
"C_134,""Piña. bebida envasada"",29,121,91.7,0,0,8.3,7.2,1.1,0,NA,NA,NA,0.01,NA,NA,NA,NA,NA,33.87,NA,7,5,""C_134"""
"C_135,""Plátano “bellaco”"",102,427,67.5,1.3,0.1,29.5,26.9,2.6,1.6,8,20,0.06,0.38,377,63,0.05,NA,0.83,0,NA,15,359,""C_135"""
"C_136,""Plátano “moquicho”"",100,419,67.4,1.2,0.1,29.7,26.5,3.2,1.7,7,20,0.1,0.47,NA,NA,0.04,NA,0.77,0,NA,13,355,""C_136"""
"C_137,""Plátano palillo"",105,440,66.8,0.9,0.3,31,27.8,3.2,1,6,20,0.23,0.04,270,45,0.07,0.07,9.63,1.25,NA,20,356,""C_137"""
"C_138,""Plátano palillo maduro. harina de"",293,1227,10.5,4.1,1.1,81.6,75.1,6.4,2.8,22,60,0.96,2,0,0,0.15,0.16,2.24,5.23,NA,39,1263,""C_138"""
"C_139,""Plátano palillo verde. harina de"",295,1233,11.2,3.3,0.2,83.2,78.3,4.9,2.1,9,60,0.4,0.1,0,0,0.14,0.13,7.72,1.74,NA,33,912,""C_139"""
"C_140,""Sancayo"",17,73,94,0.8,0.6,4,2.7,1.3,0.7,NA,NA,NA,0.16,0,0,NA,NA,NA,53.84,NA,2,270,""C_140"""
"C_141,""Warr’a"",102,427,71,1.5,0.2,26.4,NA,NA,0.9,51,26,NA,3.4,NA,NA,0.02,0.11,0.58,2.8,NA,NA,NA,""C_141"""
"C_142,""Yak’u"",116,485,69.3,1.8,2.2,25.3,NA,NA,1.4,138,52,NA,3.2,NA,NA,0.04,0.18,0.9,14.8,NA,NA,NA,""C_142"""
"D_1,""Aceite compuesto (vegetal 70% pescado 30%)"",884,3699,0,0,100,0,NA,NA,0,0,0,NA,0,NA,0,0,0,0,0,NA,NA,NA,""D_1"""
"D_2,""Aceite de pescado. hidrogenado"",884,3699,0,0,100,0,NA,NA,0,0,0,NA,0,NA,0,0,0,0,0,NA,NA,NA,""D_2"""
"D_3,""Aceite vegetal de algodón"",884,3699,0,0,100,0,0,0,0,0,0,0,0,NA,0,0,0,0,0,NA,NA,NA,""D_3"""
"D_4,""Aceite vegetal de girasol"",884,3699,0,0,100,0,0,0,0,0,0,0,0,NA,0,0,0,0,0,NA,NA,NA,""D_4"""
"D_5,""Aceite vegetal de maíz"",884,3699,0,0,100,0,0,0,0,0,0,0,0,NA,0,0,0,0,0,NA,NA,NA,""D_5"""
"D_6,""Aceite vegetal de maní"",884,3699,0,0,100,0,0,0,0,0,0,0.01,0,NA,0,0,0,0,0,NA,NA,NA,""D_6"""
"D_7,""Aceite vegetal de olivo"",884,3699,0,0,100,0,0,0,0,0,0,0,0,NA,0,0,0,0,0,NA,NA,NA,""D_7"""
"D_8,""Aceite vegetal de palma"",884,3699,0,0,100,0,0,0,0,0,0,0,0,NA,0,0,0,0,0,NA,NA,NA,""D_8"""
"D_9,""Aceite vegetal de soya"",884,3699,0,0,100,0,0,0,0,0,0,0,0,NA,0,0,0,0,0,NA,NA,NA,""D_9"""
"D_10,""Almendra"",552,2308,5.1,23.4,54.1,14.3,4.4,9.9,3.2,195,440,3.12,3.72,NA,0,0.2,0.56,4.17,0,NA,1,580,""D_10"""
"D_11,""Avellana"",497,2079,3.1,12.6,52.9,28.4,2.6,25.7,3.1,144,200,2.2,3.3,NA,2,0.48,0.11,5.64,2,NA,61,714,""D_11"""
"D_12,""Cacao. semillas secas"",570,2387,3.6,12,46.3,34.7,NA,NA,3.4,106,537,NA,3.6,NA,0,0.17,0.14,1.7,3,NA,NA,NA,""D_12"""
"D_13,""Castaña peruana (nuez de Brasil)"",646,2702,3.9,15.4,69,8.4,3.7,4.7,3.4,144,630,4.06,2.1,NA,0,0.75,0.17,1.48,2.7,NA,22,467,""D_13"""
"D_14,""Maní crudo. pelado con película"",559,2339,7.3,24.1,48.2,17.7,9.2,8.5,2.7,66,231,3.27,1.5,NA,0,0.48,0.53,17,1.3,NA,NA,NA,""D_14"""
"D_15,""Maní sancochado"",374,1565,32.3,15.9,27.5,21.9,13.1,8.8,2.4,47,219,1.83,3.6,NA,0,0.18,0.1,8.88,0,NA,NA,NA,""D_15"""
"D_16,""Maní tostado. sin película"",590,2469,2,27.1,51,16.9,8.9,8,3,48,298,3.31,2.2,NA,0,0.08,0.35,21.6,0,NA,NA,NA,""D_16"""
"D_17,""Manteca de cerdo"",879,3676,0.5,0,99.4,0,0,0,0.1,0,0,0.11,0,NA,0,0,0,0,0,NA,NA,NA,""D_17"""
"D_18,""Manteca vegetal"",880,3699,0.1,0,99.5,0,0,0,0.4,0,0,0,0,NA,0,0,0,0,0,NA,NA,NA,""D_18"""
"D_19,""Mantequilla"",729,3050,16,2,82,0,NA,NA,0,0,0,NA,0,NA,671,0,0,0,0,NA,NA,NA,""D_19"""
"D_20,""Mantequilla con sal"",717,3000,15.9,0.9,81.1,0.1,0.1,0,2.1,24,24,0.09,0.02,NA,684,0,0.03,0.04,0,NA,NA,NA,""D_20"""
"D_21,""Margarina vegetal con sal"",720,3012,16,0.6,81,0.3,0.3,0,2.1,0,0,0,0,NA,819,0,0,0,0,NA,NA,NA,""D_21"""
"D_22,""Nuez"",653,2731,3.8,16.9,69.1,8.3,3.8,4.5,1.8,86,280,3.09,NA,NA,1,0.34,0.15,2.48,1.3,NA,3,383,""D_22"""
"D_23,""Cashú"",572,2393,2.3,19.5,51.1,24.4,18.8,5.7,2.6,61,440,NA,NA,NA,NA,NA,NA,1.07,NA,NA,6,0,""D_23"""
"D_24,""Chía. semilla de"",360,1507,7.7,23.4,32.5,31.8,1.7,30.1,4.6,478,725,NA,NA,NA,NA,NA,NA,3.2,17.16,NA,3,635,""D_24"""
"D_25,""Linaza"",428,1792,8.1,21,42.5,0,0,27.9,2.9,228,400,NA,3.41,NA,NA,NA,NA,1.36,NA,NA,42,0,""D_25"""
"D_26,""Margarina. Astra de La Danesa 60% grasa vegetal"",506,2117,34.9,0,57.2,0,NA,NA,2.4,NA,NA,NA,NA,NA,NA,NA,NA,NA,NA,NA,1048,NA,""D_26"""
"D_27,""Margarina. Dorina Batida al 70% de grasa"",597,2498,25.8,0,67.6,0,NA,NA,2.6,NA,NA,NA,NA,NA,NA,NA,NA,NA,NA,NA,762,NA,""D_27"""
"D_28,""Margarina. Dorina Clásica al 70% de grasa"",578,2420,26.5,0,65.4,0,NA,NA,2.4,NA,NA,NA,NA,NA,NA,NA,NA,NA,NA,NA,861,NA,""D_28"""
"D_29,""Margarina. Dorina Light al 50% de grasa"",409,1710,44.7,0,46.2,0,NA,NA,2.1,NA,NA,NA,NA,NA,NA,NA,NA,NA,NA,NA,711,NA,""D_29"""
"D_30,""Margarina. La Danesa 70% de grasa vegetal"",590,2469,24.5,0,66.8,0,NA,NA,3.1,NA,NA,NA,NA,NA,NA,NA,NA,NA,NA,NA,1247,NA,""D_30"""
"D_31,""Margarina. La Preferida 70% grasa"",598,2502,24.6,0,67.6,0,NA,NA,3.1,NA,NA,NA,NA,NA,NA,NA,NA,NA,NA,NA,1229,NA,""D_31"""
"D_32,""Margarina. Manty 40% de grasa vegetal"",325,1361,50.6,0,36.8,0,NA,NA,4.9,NA,NA,NA,NA,NA,NA,NA,NA,NA,NA,NA,1790,NA,""D_32"""
"D_33,""Margarina. Sello de Oro"",607,2539,24.8,0,68.6,0,NA,NA,2.3,NA,NA,NA,NA,NA,NA,NA,NA,NA,NA,NA,926,NA,""D_33"""
"D_34,""Margarina. Swis Light"",407,1704,44.8,0,46.1,0,NA,NA,2.2,NA,NA,NA,NA,NA,NA,NA,NA,NA,NA,NA,864,NA,""D_34"""
"D_35,""Margarina. Swis 60% de grasa"",479,2002,36.6,0,54.1,0,NA,NA,2,NA,NA,NA,NA,NA,NA,NA,NA,NA,NA,NA,800,NA,""D_35"""
